Fecha,Comuna,Casos Confirmados,CUT
29-03-2020,Arica,6,15101
29-03-2020,Camarones,0,15102
29-03-2020,General Lagos,0,15202
29-03-2020,Putre,0,15201
29-03-2020,Alto Hospicio,0,1107
29-03-2020,Camiña,0,1402
29-03-2020,Colchane,0,1403
29-03-2020,Huara,0,1404
29-03-2020,Iquique,5,1101
29-03-2020,Pica,0,1405
29-03-2020,Pozo Almonte,0,1401
29-03-2020,Antofagasta,29,2101
29-03-2020,Calama,3,2201
29-03-2020,María Elena,0,2302
29-03-2020,Mejillones,0,2102
29-03-2020,Ollagüe,0,2202
29-03-2020,San Pedro de Atacama,1,2203
29-03-2020,Sierra Gorda,0,2103
29-03-2020,Taltal,0,2104
29-03-2020,Tocopilla,2,2301
29-03-2020,Alto del Carmen,0,3302
29-03-2020,Caldera,0,3102
29-03-2020,Chañaral,0,3201
29-03-2020,Copiapó,1,3101
29-03-2020,Diego de Almagro,1,3202
29-03-2020,Freirina,0,3303
29-03-2020,Huasco,0,3304
29-03-2020,Tierra Amarilla,0,3103
29-03-2020,Vallenar,0,3301
29-03-2020,Andacollo,0,4103
29-03-2020,Canela,0,4202
29-03-2020,Combarbalá,0,4302
29-03-2020,Coquimbo,17,4102
29-03-2020,Illapel,0,4201
29-03-2020,La Higuera,0,4104
29-03-2020,La Serena,2,4101
29-03-2020,Los Vilos,1,4203
29-03-2020,Monte Patria,0,4303
29-03-2020,Ovalle,4,4301
29-03-2020,Paiguano,0,4105
29-03-2020,Punitaqui,0,4304
29-03-2020,Río Hurtado,1,4305
29-03-2020,Salamanca,2,4204
29-03-2020,Vicuña,0,4106
29-03-2020,Algarrobo,7,5602
29-03-2020,Cabildo,0,5402
29-03-2020,Calera,6,5502
29-03-2020,Calle Larga,0,5302
29-03-2020,Cartagena,0,5603
29-03-2020,Casablanca,1,5102
29-03-2020,Catemu,0,5702
29-03-2020,Concón,1,5103
29-03-2020,El Quisco,0,5604
29-03-2020,El Tabo,1,5605
29-03-2020,Hijuelas,0,5503
29-03-2020,Isla de Pascua,1,5201
29-03-2020,Juan Fernández,0,5104
29-03-2020,La Cruz,0,5504
29-03-2020,La Ligua,2,5401
29-03-2020,Limache,2,5802
29-03-2020,Llaillay,0,5703
29-03-2020,Los Andes,2,5301
29-03-2020,Nogales,0,5506
29-03-2020,Olmué,0,5803
29-03-2020,Panquehue,0,5704
29-03-2020,Papudo,0,5403
29-03-2020,Petorca,0,5404
29-03-2020,Puchuncaví,0,5105
29-03-2020,Putaendo,1,5705
29-03-2020,Quillota,6,5501
29-03-2020,Quilpué,11,5801
29-03-2020,Quintero,3,5107
29-03-2020,Rinconada,0,5303
29-03-2020,San Antonio,2,5601
29-03-2020,San Esteban,0,5304
29-03-2020,San Felipe,3,5701
29-03-2020,Santa María,0,5706
29-03-2020,Santo Domingo,2,5606
29-03-2020,Valparaíso,16,5101
29-03-2020,Villa Alemana,6,5804
29-03-2020,Viña del Mar,29,5109
29-03-2020,Zapallar,0,5405
29-03-2020,Alhué,0,13502
29-03-2020,Buin,7,13402
29-03-2020,Calera de Tango,6,13403
29-03-2020,Cerrillos,3,13102
29-03-2020,Cerro Navia,19,13103
29-03-2020,Colina,32,13301
29-03-2020,Conchalí,14,13104
29-03-2020,Curacaví,5,13503
29-03-2020,El Bosque,18,13105
29-03-2020,El Monte,1,13602
29-03-2020,Estación Central,16,13106
29-03-2020,Huechuraba,17,13107
29-03-2020,Independencia,15,13108
29-03-2020,Isla de Maipo,0,13603
29-03-2020,La Cisterna,10,13109
29-03-2020,La Florida,43,13110
29-03-2020,La Granja,5,13111
29-03-2020,La Pintana,2,13112
29-03-2020,La Reina,24,13113
29-03-2020,Lampa,10,13302
29-03-2020,Las Condes,181,13114
29-03-2020,Lo Barnechea,68,13115
29-03-2020,Lo Espejo,4,13116
29-03-2020,Lo Prado,14,13117
29-03-2020,Macul,10,13118
29-03-2020,Maipú,43,13119
29-03-2020,María Pinto,0,13504
29-03-2020,Melipilla,6,13501
29-03-2020,Ñuñoa,67,13120
29-03-2020,Padre Hurtado,10,13604
29-03-2020,Paine,3,13404
29-03-2020,Pedro Aguirre Cerda,7,13121
29-03-2020,Peñaflor,10,13605
29-03-2020,Peñalolén,31,13122
29-03-2020,Pirque,0,13202
29-03-2020,Providencia,82,13123
29-03-2020,Pudahuel,17,13124
29-03-2020,Puente Alto,45,13201
29-03-2020,Quilicura,17,13125
29-03-2020,Quinta Normal,21,13126
29-03-2020,Recoleta,17,13127
29-03-2020,Renca,9,13128
29-03-2020,San Bernardo,32,13401
29-03-2020,San Joaquín,13,13129
29-03-2020,San José de Maipo,2,13203
29-03-2020,San Miguel,25,13130
29-03-2020,San Pedro,0,13505
29-03-2020,San Ramón,1,13131
29-03-2020,Santiago,127,13101
29-03-2020,Talagante,3,13601
29-03-2020,Tiltil,2,13303
29-03-2020,Vitacura,83,13132
29-03-2020,Chépica,0,6302
29-03-2020,Chimbarongo,0,6303
29-03-2020,Codegua,0,6102
29-03-2020,Coinco,0,6103
29-03-2020,Coltauco,0,6104
29-03-2020,Doñihue,0,6105
29-03-2020,Graneros,0,6106
29-03-2020,La Estrella,0,6202
29-03-2020,Las Cabras,0,6107
29-03-2020,Litueche,0,6203
29-03-2020,Lolol,0,6304
29-03-2020,Machalí,3,6108
29-03-2020,Malloa,0,6109
29-03-2020,Marchihue,0,6204
29-03-2020,Mostazal,0,6110
29-03-2020,Nancagua,0,6305
29-03-2020,Navidad,0,6205
29-03-2020,Olivar,0,6111
29-03-2020,Palmilla,0,6306
29-03-2020,Paredones,0,6206
29-03-2020,Peralillo,0,6307
29-03-2020,Peumo,0,6112
29-03-2020,Pichidegua,0,6113
29-03-2020,Pichilemu,0,6201
29-03-2020,Placilla,0,6308
29-03-2020,Pumanque,0,6309
29-03-2020,Quinta de Tilcoco,1,6114
29-03-2020,Rancagua,7,6101
29-03-2020,Rengo,1,6115
29-03-2020,Requínoa,2,6116
29-03-2020,San Fernando,2,6301
29-03-2020,San Vicente,0,6117
29-03-2020,Santa Cruz,0,6310
29-03-2020,Cauquenes,1,7201
29-03-2020,Chanco,0,7202
29-03-2020,Colbún,1,7402
29-03-2020,Constitución,0,7102
29-03-2020,Curepto,0,7103
29-03-2020,Curicó,6,7301
29-03-2020,Empedrado,0,7104
29-03-2020,Hualañé,0,7302
29-03-2020,Licantén,0,7303
29-03-2020,Linares,4,7401
29-03-2020,Longaví,1,7403
29-03-2020,Maule,2,7105
29-03-2020,Molina,2,7304
29-03-2020,Parral,4,7404
29-03-2020,Pelarco,0,7106
29-03-2020,Pelluhue,1,7203
29-03-2020,Pencahue,0,7107
29-03-2020,Rauco,0,7305
29-03-2020,Retiro,0,7405
29-03-2020,Río Claro,1,7108
29-03-2020,Romeral,1,7306
29-03-2020,Sagrada Familia,0,7307
29-03-2020,San Clemente,0,7109
29-03-2020,San Javier,0,7406
29-03-2020,San Rafael,0,7110
29-03-2020,Talca,34,7101
29-03-2020,Teno,0,7308
29-03-2020,Vichuquén,0,7309
29-03-2020,Villa Alegre,0,7407
29-03-2020,Yerbas Buenas,0,7408
29-03-2020,Bulnes,12,16102
29-03-2020,Chillán,114,16101
29-03-2020,Chillán Viejo,13,16103
29-03-2020,Cobquecura,0,16202
29-03-2020,Coelemu,0,16203
29-03-2020,Coihueco,3,16302
29-03-2020,El Carmen,1,16104
29-03-2020,Ninhue,0,16204
29-03-2020,Ñiquén,0,16303
29-03-2020,Pemuco,0,16105
29-03-2020,Pinto,1,16106
29-03-2020,Portezuelo,0,16205
29-03-2020,Quillón,4,16107
29-03-2020,Quirihue,0,16201
29-03-2020,Ránquil,0,16206
29-03-2020,San Carlos,8,16301
29-03-2020,San Fabián,3,16304
29-03-2020,San Ignacio,1,16108
29-03-2020,San Nicolás,1,16305
29-03-2020,Treguaco,0,16207
29-03-2020,Yungay,1,16109
29-03-2020,Alto Biobío,1,8314
29-03-2020,Antuco,0,8302
29-03-2020,Arauco,2,8202
29-03-2020,Cabrero,0,8303
29-03-2020,Cañete,0,8203
29-03-2020,Chiguayante,6,8103
29-03-2020,Concepción,28,8101
29-03-2020,Contulmo,0,8204
29-03-2020,Coronel,0,8102
29-03-2020,Curanilahue,0,8205
29-03-2020,Florida,0,8104
29-03-2020,Hualpén,1,8112
29-03-2020,Hualqui,2,8105
29-03-2020,Laja,1,8304
29-03-2020,Lebu,0,8201
29-03-2020,Los Álamos,0,8206
29-03-2020,Los Ángeles,11,8301
29-03-2020,Lota,0,8106
29-03-2020,Mulchén,2,8305
29-03-2020,Nacimiento,1,8306
29-03-2020,Negrete,0,8307
29-03-2020,Penco,0,8107
29-03-2020,Quilaco,0,8308
29-03-2020,Quilleco,0,8309
29-03-2020,San Pedro de la Paz,18,8108
29-03-2020,San Rosendo,0,8310
29-03-2020,Santa Bárbara,1,8311
29-03-2020,Santa Juana,0,8109
29-03-2020,Talcahuano,2,8110
29-03-2020,Tirúa,0,8207
29-03-2020,Tomé,4,8111
29-03-2020,Tucapel,0,8312
29-03-2020,Yumbel,5,8313
29-03-2020,Angol,7,9201
29-03-2020,Carahue,1,9102
29-03-2020,Cholchol,1,9121
29-03-2020,Collipulli,0,9202
29-03-2020,Cunco,0,9103
29-03-2020,Curacautín,0,9203
29-03-2020,Curarrehue,1,9104
29-03-2020,Ercilla,0,9204
29-03-2020,Freire,2,9105
29-03-2020,Galvarino,1,9106
29-03-2020,Gorbea,4,9107
29-03-2020,Lautaro,2,9108
29-03-2020,Loncoche,2,9109
29-03-2020,Lonquimay,0,9205
29-03-2020,Los Sauces,0,9206
29-03-2020,Lumaco,0,9207
29-03-2020,Melipeuco,0,9110
29-03-2020,Nueva Imperial,0,9111
29-03-2020,Padre Las Casas,9,9112
29-03-2020,Perquenco,1,9113
29-03-2020,Pitrufquén,4,9114
29-03-2020,Pucón,3,9115
29-03-2020,Purén,0,9208
29-03-2020,Renaico,0,9209
29-03-2020,Saavedra,0,9116
29-03-2020,Temuco,154,9101
29-03-2020,Teodoro Schmidt,0,9117
29-03-2020,Toltén,1,9118
29-03-2020,Traiguén,0,9210
29-03-2020,Victoria,5,9211
29-03-2020,Vilcún,4,9119
29-03-2020,Villarrica,1,9120
29-03-2020,Corral,0,14102
29-03-2020,Futrono,0,14202
29-03-2020,La Unión,1,14201
29-03-2020,Lago Ranco,0,14203
29-03-2020,Lanco,0,14103
29-03-2020,Los Lagos,0,14104
29-03-2020,Máfil,1,14105
29-03-2020,Mariquina,0,14106
29-03-2020,Paillaco,0,14107
29-03-2020,Panguipulli,0,14108
29-03-2020,Río Bueno,2,14204
29-03-2020,Valdivia,12,14101
29-03-2020,Ancud,0,10202
29-03-2020,Calbuco,4,10102
29-03-2020,Castro,1,10201
29-03-2020,Chaitén,0,10401
29-03-2020,Chonchi,0,10203
29-03-2020,Cochamó,0,10103
29-03-2020,Curaco de Vélez,0,10204
29-03-2020,Dalcahue,0,10205
29-03-2020,Fresia,0,10104
29-03-2020,Frutillar,0,10105
29-03-2020,Futaleufú,0,10402
29-03-2020,Hualaihué,1,10403
29-03-2020,Llanquihue,0,10107
29-03-2020,Los Muermos,1,10106
29-03-2020,Maullín,0,10108
29-03-2020,Osorno,66,10301
29-03-2020,Palena,0,10404
29-03-2020,Puerto Montt,34,10101
29-03-2020,Puerto Octay,1,10302
29-03-2020,Puerto Varas,1,10109
29-03-2020,Puqueldón,0,10206
29-03-2020,Purranque,0,10303
29-03-2020,Puyehue,1,10304
29-03-2020,Queilén,0,10207
29-03-2020,Quellón,0,10208
29-03-2020,Quemchi,0,10209
29-03-2020,Quinchao,1,10210
29-03-2020,Río Negro,0,10305
29-03-2020,San Juan de la Costa,0,10306
29-03-2020,San Pablo,1,10307
29-03-2020,Aisén,1,11201
29-03-2020,Chile Chico,0,11401
29-03-2020,Cisnes,0,11202
29-03-2020,Cochrane,0,11301
29-03-2020,Coyhaique,2,11101
29-03-2020,Guaitecas,0,11203
29-03-2020,Lago Verde,0,11102
29-03-2020,O'Higgins,0,11302
29-03-2020,Río Ibáñez,0,11402
29-03-2020,Tortel,0,11303
29-03-2020,Antártica,0,12202
29-03-2020,Cabo de Hornos,5,12201
29-03-2020,Laguna Blanca,0,12102
29-03-2020,Natales,1,12401
29-03-2020,Porvenir,0,12301
29-03-2020,Primavera,0,12302
29-03-2020,Punta Arenas,29,12101
29-03-2020,Río Verde,0,12103
29-03-2020,San Gregorio,0,12104
29-03-2020,Timaukel,0,12303
29-03-2020,Torres del Paine,0,12402
31-03-2020,Arica,6,15101
31-03-2020,Camarones,0,15102
31-03-2020,General Lagos,0,15202
31-03-2020,Putre,0,15201
31-03-2020,Alto Hospicio,1,1107
31-03-2020,Camiña,0,1402
31-03-2020,Colchane,0,1403
31-03-2020,Huara,0,1404
31-03-2020,Iquique,9,1101
31-03-2020,Pica,0,1405
31-03-2020,Pozo Almonte,0,1401
31-03-2020,Antofagasta,32,2101
31-03-2020,Calama,3,2201
31-03-2020,María Elena,0,2302
31-03-2020,Mejillones,0,2102
31-03-2020,Ollagüe,0,2202
31-03-2020,San Pedro de Atacama,2,2203
31-03-2020,Sierra Gorda,0,2103
31-03-2020,Taltal,0,2104
31-03-2020,Tocopilla,2,2301
31-03-2020,Alto del Carmen,0,3302
31-03-2020,Caldera,0,3102
31-03-2020,Chañaral,0,3201
31-03-2020,Copiapó,2,3101
31-03-2020,Diego de Almagro,1,3202
31-03-2020,Freirina,0,3303
31-03-2020,Huasco,0,3304
31-03-2020,Tierra Amarilla,0,3103
31-03-2020,Vallenar,0,3301
31-03-2020,Andacollo,0,4103
31-03-2020,Canela,0,4202
31-03-2020,Combarbalá,0,4302
31-03-2020,Coquimbo,19,4102
31-03-2020,Illapel,0,4201
31-03-2020,La Higuera,0,4104
31-03-2020,La Serena,3,4101
31-03-2020,Los Vilos,1,4203
31-03-2020,Monte Patria,0,4303
31-03-2020,Ovalle,4,4301
31-03-2020,Paihuano,0,4105
31-03-2020,Punitaqui,0,4304
31-03-2020,Río Hurtado,1,4305
31-03-2020,Salamanca,2,4204
31-03-2020,Vicuña,0,4106
31-03-2020,Algarrobo,7,5602
31-03-2020,Cabildo,0,5402
31-03-2020,La Calera,6,5502
31-03-2020,Calle Larga,0,5302
31-03-2020,Cartagena,0,5603
31-03-2020,Casablanca,1,5102
31-03-2020,Catemu,0,5702
31-03-2020,Concón,1,5103
31-03-2020,El Quisco,0,5604
31-03-2020,El Tabo,1,5605
31-03-2020,Hijuelas,0,5503
31-03-2020,Isla de Pascua,5,5201
31-03-2020,Juan Fernández,0,5104
31-03-2020,La Cruz,1,5504
31-03-2020,La Ligua,2,5401
31-03-2020,Limache,3,5802
31-03-2020,Llaillay,0,5703
31-03-2020,Los Andes,3,5301
31-03-2020,Nogales,0,5506
31-03-2020,Olmué,0,5803
31-03-2020,Panquehue,0,5704
31-03-2020,Papudo,0,5403
31-03-2020,Petorca,1,5404
31-03-2020,Puchuncaví,0,5105
31-03-2020,Putaendo,1,5705
31-03-2020,Quillota,7,5501
31-03-2020,Quilpué,10,5801
31-03-2020,Quintero,3,5107
31-03-2020,Rinconada,0,5303
31-03-2020,San Antonio,4,5601
31-03-2020,San Esteban,0,5304
31-03-2020,San Felipe,3,5701
31-03-2020,Santa María,2,5706
31-03-2020,Santo Domingo,3,5606
31-03-2020,Valparaíso,26,5101
31-03-2020,Villa Alemana,8,5804
31-03-2020,Viña del Mar,38,5109
31-03-2020,Zapallar,0,5405
31-03-2020,Alhué,0,13502
31-03-2020,Buin,8,13402
31-03-2020,Calera de Tango,7,13403
31-03-2020,Cerrillos,4,13102
31-03-2020,Cerro Navia,21,13103
31-03-2020,Colina,39,13301
31-03-2020,Conchalí,18,13104
31-03-2020,Curacaví,5,13503
31-03-2020,El Bosque,28,13105
31-03-2020,El Monte,1,13602
31-03-2020,Estación Central,22,13106
31-03-2020,Huechuraba,19,13107
31-03-2020,Independencia,17,13108
31-03-2020,Isla de Maipo,1,13603
31-03-2020,La Cisterna,12,13109
31-03-2020,La Florida,58,13110
31-03-2020,La Granja,8,13111
31-03-2020,La Pintana,10,13112
31-03-2020,La Reina,26,13113
31-03-2020,Lampa,10,13302
31-03-2020,Las Condes,208,13114
31-03-2020,Lo Barnechea,78,13115
31-03-2020,Lo Espejo,7,13116
31-03-2020,Lo Prado,18,13117
31-03-2020,Macul,15,13118
31-03-2020,Maipú,55,13119
31-03-2020,María Pinto,0,13504
31-03-2020,Melipilla,8,13501
31-03-2020,Ñuñoa,84,13120
31-03-2020,Padre Hurtado,11,13604
31-03-2020,Paine,3,13404
31-03-2020,Pedro Aguirre Cerda,13,13121
31-03-2020,Peñaflor,13,13605
31-03-2020,Peñalolén,46,13122
31-03-2020,Pirque,2,13202
31-03-2020,Providencia,87,13123
31-03-2020,Pudahuel,25,13124
31-03-2020,Puente Alto,58,13201
31-03-2020,Quilicura,29,13125
31-03-2020,Quinta Normal,25,13126
31-03-2020,Recoleta,23,13127
31-03-2020,Renca,14,13128
31-03-2020,San Bernardo,41,13401
31-03-2020,San Joaquín,24,13129
31-03-2020,San José de Maipo,2,13203
31-03-2020,San Miguel,32,13130
31-03-2020,San Pedro,0,13505
31-03-2020,San Ramón,6,13131
31-03-2020,Santiago,156,13101
31-03-2020,Talagante,5,13601
31-03-2020,Til Til,2,13303
31-03-2020,Vitacura,90,13132
31-03-2020,Chépica,0,6302
31-03-2020,Chimbarongo,2,6303
31-03-2020,Codegua,0,6102
31-03-2020,Coinco,0,6103
31-03-2020,Coltauco,0,6104
31-03-2020,Doñihue,0,6105
31-03-2020,Graneros,0,6106
31-03-2020,La Estrella,0,6202
31-03-2020,Las Cabras,0,6107
31-03-2020,Litueche,0,6203
31-03-2020,Lolol,0,6304
31-03-2020,Machalí,6,6108
31-03-2020,Malloa,0,6109
31-03-2020,Marchihue,0,6204
31-03-2020,Mostazal,0,6110
31-03-2020,Nancagua,0,6305
31-03-2020,Navidad,0,6205
31-03-2020,Olivar,1,6111
31-03-2020,Palmilla,0,6306
31-03-2020,Paredones,0,6206
31-03-2020,Peralillo,0,6307
31-03-2020,Peumo,0,6112
31-03-2020,Pichidegua,0,6113
31-03-2020,Pichilemu,0,6201
31-03-2020,Placilla,1,6308
31-03-2020,Pumanque,0,6309
31-03-2020,Quinta de Tilcoco,2,6114
31-03-2020,Rancagua,7,6101
31-03-2020,Rengo,1,6115
31-03-2020,Requínoa,1,6116
31-03-2020,San Fernando,4,6301
31-03-2020,San Vicente,1,6117
31-03-2020,Santa Cruz,0,6310
31-03-2020,Cauquenes,1,7201
31-03-2020,Chanco,0,7202
31-03-2020,Colbún,4,7402
31-03-2020,Constitución,1,7102
31-03-2020,Curepto,0,7103
31-03-2020,Curicó,8,7301
31-03-2020,Empedrado,0,7104
31-03-2020,Hualañé,0,7302
31-03-2020,Licantén,0,7303
31-03-2020,Linares,6,7401
31-03-2020,Longaví,1,7403
31-03-2020,Maule,2,7105
31-03-2020,Molina,3,7304
31-03-2020,Parral,3,7404
31-03-2020,Pelarco,0,7106
31-03-2020,Pelluhue,1,7203
31-03-2020,Pencahue,0,7107
31-03-2020,Rauco,0,7305
31-03-2020,Retiro,0,7405
31-03-2020,Río Claro,1,7108
31-03-2020,Romeral,2,7306
31-03-2020,Sagrada Familia,0,7307
31-03-2020,San Clemente,0,7109
31-03-2020,San Javier,1,7406
31-03-2020,San Rafael,0,7110
31-03-2020,Talca,37,7101
31-03-2020,Teno,0,7308
31-03-2020,Vichuquén,0,7309
31-03-2020,Villa Alegre,0,7407
31-03-2020,Yerbas Buenas,0,7408
31-03-2020,Bulnes,18,16102
31-03-2020,Chillán,173,16101
31-03-2020,Chillán Viejo,22,16103
31-03-2020,Cobquecura,0,16202
31-03-2020,Coelemu,1,16203
31-03-2020,Coihueco,3,16302
31-03-2020,El Carmen,2,16104
31-03-2020,Ninhue,0,16204
31-03-2020,Ñiquén,0,16303
31-03-2020,Pemuco,0,16105
31-03-2020,Pinto,2,16106
31-03-2020,Portezuelo,0,16205
31-03-2020,Quillón,7,16107
31-03-2020,Quirihue,0,16201
31-03-2020,Ránquil,1,16206
31-03-2020,San Carlos,13,16301
31-03-2020,San Fabián,5,16304
31-03-2020,San Ignacio,1,16108
31-03-2020,San Nicolás,2,16305
31-03-2020,Treguaco,0,16207
31-03-2020,Yungay,7,16109
31-03-2020,Alto Biobío,0,8314
31-03-2020,Antuco,0,8302
31-03-2020,Arauco,5,8202
31-03-2020,Cabrero,0,8303
31-03-2020,Cañete,0,8203
31-03-2020,Chiguayante,18,8103
31-03-2020,Concepción,47,8101
31-03-2020,Contulmo,0,8204
31-03-2020,Coronel,11,8102
31-03-2020,Curanilahue,1,8205
31-03-2020,Florida,0,8104
31-03-2020,Hualpén,39,8112
31-03-2020,Hualqui,3,8105
31-03-2020,Laja,2,8304
31-03-2020,Lebu,0,8201
31-03-2020,Los Álamos,0,8206
31-03-2020,Los Ángeles,15,8301
31-03-2020,Lota,0,8106
31-03-2020,Mulchén,5,8305
31-03-2020,Nacimiento,2,8306
31-03-2020,Negrete,0,8307
31-03-2020,Penco,1,8107
31-03-2020,Quilaco,0,8308
31-03-2020,Quilleco,0,8309
31-03-2020,San Pedro de la Paz,50,8108
31-03-2020,San Rosendo,0,8310
31-03-2020,Santa Bárbara,2,8311
31-03-2020,Santa Juana,0,8109
31-03-2020,Talcahuano,23,8110
31-03-2020,Tirúa,0,8207
31-03-2020,Tomé,6,8111
31-03-2020,Tucapel,0,8312
31-03-2020,Yumbel,5,8313
31-03-2020,Angol,13,9201
31-03-2020,Carahue,2,9102
31-03-2020,Cholchol,2,9121
31-03-2020,Collipulli,0,9202
31-03-2020,Cunco,0,9103
31-03-2020,Curacautín,0,9203
31-03-2020,Curarrehue,2,9104
31-03-2020,Ercilla,0,9204
31-03-2020,Freire,2,9105
31-03-2020,Galvarino,1,9106
31-03-2020,Gorbea,6,9107
31-03-2020,Lautaro,8,9108
31-03-2020,Loncoche,2,9109
31-03-2020,Lonquimay,0,9205
31-03-2020,Los Sauces,0,9206
31-03-2020,Lumaco,0,9207
31-03-2020,Melipeuco,0,9110
31-03-2020,Nueva Imperial,2,9111
31-03-2020,Padre Las Casas,14,9112
31-03-2020,Perquenco,1,9113
31-03-2020,Pitrufquén,6,9114
31-03-2020,Pucón,3,9115
31-03-2020,Purén,1,9208
31-03-2020,Renaico,0,9209
31-03-2020,Saavedra,0,9116
31-03-2020,Temuco,225,9101
31-03-2020,Teodoro Schmidt,4,9117
31-03-2020,Toltén,3,9118
31-03-2020,Traiguén,0,9210
31-03-2020,Victoria,7,9211
31-03-2020,Vilcún,5,9119
31-03-2020,Villarrica,4,9120
31-03-2020,Corral,0,14102
31-03-2020,Futrono,2,14202
31-03-2020,La Unión,9,14201
31-03-2020,Lago Ranco,1,14203
31-03-2020,Lanco,1,14103
31-03-2020,Los Lagos,0,14104
31-03-2020,Máfil,1,14105
31-03-2020,Mariquina,2,14106
31-03-2020,Paillaco,1,14107
31-03-2020,Panguipulli,0,14108
31-03-2020,Río Bueno,2,14204
31-03-2020,Valdivia,45,14101
31-03-2020,Ancud,0,10202
31-03-2020,Calbuco,5,10102
31-03-2020,Castro,1,10201
31-03-2020,Chaitén,1,10401
31-03-2020,Chonchi,0,10203
31-03-2020,Cochamó,0,10103
31-03-2020,Curaco de Vélez,0,10204
31-03-2020,Dalcahue,0,10205
31-03-2020,Fresia,0,10104
31-03-2020,Frutillar,0,10105
31-03-2020,Futaleufú,0,10402
31-03-2020,Hualaihué,3,10403
31-03-2020,Llanquihue,0,10107
31-03-2020,Los Muermos,1,10106
31-03-2020,Maullín,0,10108
31-03-2020,Osorno,120,10301
31-03-2020,Palena,0,10404
31-03-2020,Puerto Montt,44,10101
31-03-2020,Puerto Octay,1,10302
31-03-2020,Puerto Varas,1,10109
31-03-2020,Puqueldón,0,10206
31-03-2020,Purranque,1,10303
31-03-2020,Puyehue,1,10304
31-03-2020,Queilén,0,10207
31-03-2020,Quellón,0,10208
31-03-2020,Quemchi,0,10209
31-03-2020,Quinchao,1,10210
31-03-2020,Río Negro,0,10305
31-03-2020,San Juan de la Costa,0,10306
31-03-2020,San Pablo,1,10307
31-03-2020,Aysén,1,11201
31-03-2020,Chile Chico,0,11401
31-03-2020,Cisnes,0,11202
31-03-2020,Cochrane,0,11301
31-03-2020,Coyhaique,2,11101
31-03-2020,Guaitecas,0,11203
31-03-2020,Lago Verde,0,11102
31-03-2020,O'Higgins,0,11302
31-03-2020,Río Ibáñez,0,11402
31-03-2020,Tortel,0,11303
31-03-2020,Antártica,0,12202
31-03-2020,Cabo de Hornos,6,12201
31-03-2020,Laguna Blanca,0,12102
31-03-2020,Natales,4,12401
31-03-2020,Porvenir,2,12301
31-03-2020,Primavera,0,12302
31-03-2020,Punta Arenas,87,12101
31-03-2020,Río Verde,0,12103
31-03-2020,San Gregorio,0,12104
31-03-2020,Timaukel,0,12303
31-03-2020,Torres del Paine,0,12402
01-04-2020,Arica,12,15101
01-04-2020,Camarones,0,15102
01-04-2020,General Lagos,0,15202
01-04-2020,Putre,0,15201
01-04-2020,Alto Hospicio,3,1107
01-04-2020,Camiña,0,1402
01-04-2020,Colchane,0,1403
01-04-2020,Huara,0,1404
01-04-2020,Iquique,10,1101
01-04-2020,Pica,0,1405
01-04-2020,Pozo Almonte,0,1401
01-04-2020,Antofagasta,44,2101
01-04-2020,Calama,5,2201
01-04-2020,María Elena,0,2302
01-04-2020,Mejillones,0,2102
01-04-2020,Ollagüe,0,2202
01-04-2020,San Pedro de Atacama,3,2203
01-04-2020,Sierra Gorda,0,2103
01-04-2020,Taltal,0,2104
01-04-2020,Tocopilla,2,2301
01-04-2020,Alto del Carmen,0,3302
01-04-2020,Caldera,0,3102
01-04-2020,Chañaral,0,3201
01-04-2020,Copiapó,4,3101
01-04-2020,Diego de Almagro,1,3202
01-04-2020,Freirina,0,3303
01-04-2020,Huasco,0,3304
01-04-2020,Tierra Amarilla,0,3103
01-04-2020,Vallenar,0,3301
01-04-2020,Andacollo,0,4103
01-04-2020,Canela,0,4202
01-04-2020,Combarbalá,0,4302
01-04-2020,Coquimbo,19,4102
01-04-2020,Illapel,0,4201
01-04-2020,La Higuera,0,4104
01-04-2020,La Serena,8,4101
01-04-2020,Los Vilos,1,4203
01-04-2020,Monte Patria,0,4303
01-04-2020,Ovalle,4,4301
01-04-2020,Paiguano,0,4105
01-04-2020,Punitaqui,0,4304
01-04-2020,Río Hurtado,1,4305
01-04-2020,Salamanca,2,4204
01-04-2020,Vicuña,0,4106
01-04-2020,Algarrobo,9,5602
01-04-2020,Cabildo,0,5402
01-04-2020,Calera,7,5502
01-04-2020,Calle Larga,2,5302
01-04-2020,Cartagena,0,5603
01-04-2020,Casablanca,2,5102
01-04-2020,Catemu,0,5702
01-04-2020,Concón,7,5103
01-04-2020,El Quisco,1,5604
01-04-2020,El Tabo,3,5605
01-04-2020,Hijuelas,0,5503
01-04-2020,Isla de Pascua,5,5201
01-04-2020,Juan Fernández,0,5104
01-04-2020,La Cruz,3,5504
01-04-2020,La Ligua,2,5401
01-04-2020,Limache,3,5802
01-04-2020,Llaillay,1,5703
01-04-2020,Los Andes,2,5301
01-04-2020,Nogales,0,5506
01-04-2020,Olmué,0,5803
01-04-2020,Panquehue,0,5704
01-04-2020,Papudo,1,5403
01-04-2020,Petorca,1,5404
01-04-2020,Puchuncaví,0,5105
01-04-2020,Putaendo,1,5705
01-04-2020,Quillota,9,5501
01-04-2020,Quilpué,11,5801
01-04-2020,Quintero,2,5107
01-04-2020,Rinconada,0,5303
01-04-2020,San Antonio,8,5601
01-04-2020,San Esteban,0,5304
01-04-2020,San Felipe,5,5701
01-04-2020,Santa María,2,5706
01-04-2020,Santo Domingo,1,5606
01-04-2020,Valparaíso,23,5101
01-04-2020,Villa Alemana,11,5804
01-04-2020,Viña del Mar,47,5109
01-04-2020,Zapallar,0,5405
01-04-2020,Alhué,0,13502
01-04-2020,Buin,14,13402
01-04-2020,Calera de Tango,7,13403
01-04-2020,Cerrillos,4,13102
01-04-2020,Cerro Navia,26,13103
01-04-2020,Colina,47,13301
01-04-2020,Conchalí,22,13104
01-04-2020,Curacaví,5,13503
01-04-2020,El Bosque,35,13105
01-04-2020,El Monte,2,13602
01-04-2020,Estación Central,25,13106
01-04-2020,Huechuraba,22,13107
01-04-2020,Independencia,22,13108
01-04-2020,Isla de Maipo,1,13603
01-04-2020,La Cisterna,12,13109
01-04-2020,La Florida,67,13110
01-04-2020,La Granja,16,13111
01-04-2020,La Pintana,13,13112
01-04-2020,La Reina,30,13113
01-04-2020,Lampa,13,13302
01-04-2020,Las Condes,224,13114
01-04-2020,Lo Barnechea,85,13115
01-04-2020,Lo Espejo,9,13116
01-04-2020,Lo Prado,20,13117
01-04-2020,Macul,23,13118
01-04-2020,Maipú,64,13119
01-04-2020,María Pinto,0,13504
01-04-2020,Melipilla,9,13501
01-04-2020,Ñuñoa,93,13120
01-04-2020,Padre Hurtado,14,13604
01-04-2020,Paine,3,13404
01-04-2020,Pedro Aguirre Cerda,13,13121
01-04-2020,Peñaflor,13,13605
01-04-2020,Peñalolén,54,13122
01-04-2020,Pirque,2,13202
01-04-2020,Providencia,94,13123
01-04-2020,Pudahuel,32,13124
01-04-2020,Puente Alto,76,13201
01-04-2020,Quilicura,33,13125
01-04-2020,Quinta Normal,35,13126
01-04-2020,Recoleta,32,13127
01-04-2020,Renca,18,13128
01-04-2020,San Bernardo,53,13401
01-04-2020,San Joaquín,28,13129
01-04-2020,San José de Maipo,2,13203
01-04-2020,San Miguel,39,13130
01-04-2020,San Pedro,0,13505
01-04-2020,San Ramón,9,13131
01-04-2020,Santiago,173,13101
01-04-2020,Talagante,6,13601
01-04-2020,Tiltil,3,13303
01-04-2020,Vitacura,100,13132
01-04-2020,Chépica,0,6302
01-04-2020,Chimbarongo,2,6303
01-04-2020,Codegua,0,6102
01-04-2020,Coinco,0,6103
01-04-2020,Coltauco,0,6104
01-04-2020,Doñihue,0,6105
01-04-2020,Graneros,0,6106
01-04-2020,La Estrella,0,6202
01-04-2020,Las Cabras,0,6107
01-04-2020,Litueche,0,6203
01-04-2020,Lolol,0,6304
01-04-2020,Machalí,7,6108
01-04-2020,Malloa,0,6109
01-04-2020,Marchihue,0,6204
01-04-2020,Mostazal,0,6110
01-04-2020,Nancagua,0,6305
01-04-2020,Navidad,0,6205
01-04-2020,Olivar,2,6111
01-04-2020,Palmilla,0,6306
01-04-2020,Paredones,0,6206
01-04-2020,Peralillo,0,6307
01-04-2020,Peumo,0,6112
01-04-2020,Pichidegua,0,6113
01-04-2020,Pichilemu,0,6201
01-04-2020,Placilla,1,6308
01-04-2020,Pumanque,0,6309
01-04-2020,Quinta de Tilcoco,2,6114
01-04-2020,Rancagua,9,6101
01-04-2020,Rengo,1,6115
01-04-2020,Requínoa,1,6116
01-04-2020,San Fernando,4,6301
01-04-2020,San Vicente,4,6117
01-04-2020,Santa Cruz,0,6310
01-04-2020,Cauquenes,3,7201
01-04-2020,Chanco,0,7202
01-04-2020,Colbún,4,7402
01-04-2020,Constitución,3,7102
01-04-2020,Curepto,0,7103
01-04-2020,Curicó,11,7301
01-04-2020,Empedrado,0,7104
01-04-2020,Hualañé,0,7302
01-04-2020,Licantén,0,7303
01-04-2020,Linares,10,7401
01-04-2020,Longaví,1,7403
01-04-2020,Maule,2,7105
01-04-2020,Molina,3,7304
01-04-2020,Parral,3,7404
01-04-2020,Pelarco,0,7106
01-04-2020,Pelluhue,1,7203
01-04-2020,Pencahue,0,7107
01-04-2020,Rauco,1,7305
01-04-2020,Retiro,0,7405
01-04-2020,Río Claro,1,7108
01-04-2020,Romeral,2,7306
01-04-2020,Sagrada Familia,0,7307
01-04-2020,San Clemente,0,7109
01-04-2020,San Javier,1,7406
01-04-2020,San Rafael,1,7110
01-04-2020,Talca,42,7101
01-04-2020,Teno,0,7308
01-04-2020,Vichuquén,0,7309
01-04-2020,Villa Alegre,0,7407
01-04-2020,Yerbas Buenas,0,7408
01-04-2020,Bulnes,32,16102
01-04-2020,Chillán,240,16101
01-04-2020,Chillán Viejo,26,16103
01-04-2020,Cobquecura,0,16202
01-04-2020,Coelemu,2,16203
01-04-2020,Coihueco,3,16302
01-04-2020,El Carmen,2,16104
01-04-2020,Ninhue,0,16204
01-04-2020,Ñiquén,0,16303
01-04-2020,Pemuco,0,16105
01-04-2020,Pinto,6,16106
01-04-2020,Portezuelo,0,16205
01-04-2020,Quillón,15,16107
01-04-2020,Quirihue,0,16201
01-04-2020,Ránquil,5,16206
01-04-2020,San Carlos,13,16301
01-04-2020,San Fabián,6,16304
01-04-2020,San Ignacio,3,16108
01-04-2020,San Nicolás,4,16305
01-04-2020,Treguaco,0,16207
01-04-2020,Yungay,10,16109
01-04-2020,Alto Biobío,0,8314
01-04-2020,Antuco,0,8302
01-04-2020,Arauco,6,8202
01-04-2020,Cabrero,1,8303
01-04-2020,Cañete,0,8203
01-04-2020,Chiguayante,26,8103
01-04-2020,Concepción,53,8101
01-04-2020,Contulmo,0,8204
01-04-2020,Coronel,12,8102
01-04-2020,Curanilahue,1,8205
01-04-2020,Florida,2,8104
01-04-2020,Hualpén,50,8112
01-04-2020,Hualqui,3,8105
01-04-2020,Laja,3,8304
01-04-2020,Lebu,0,8201
01-04-2020,Los Álamos,0,8206
01-04-2020,Los Ángeles,12,8301
01-04-2020,Lota,1,8106
01-04-2020,Mulchén,5,8305
01-04-2020,Nacimiento,2,8306
01-04-2020,Negrete,0,8307
01-04-2020,Penco,3,8107
01-04-2020,Quilaco,0,8308
01-04-2020,Quilleco,0,8309
01-04-2020,San Pedro de la Paz,56,8108
01-04-2020,San Rosendo,0,8310
01-04-2020,Santa Bárbara,2,8311
01-04-2020,Santa Juana,0,8109
01-04-2020,Talcahuano,29,8110
01-04-2020,Tirúa,2,8207
01-04-2020,Tomé,9,8111
01-04-2020,Tucapel,0,8312
01-04-2020,Yumbel,5,8313
01-04-2020,Angol,12,9201
01-04-2020,Carahue,2,9102
01-04-2020,Cholchol,3,9121
01-04-2020,Collipulli,0,9202
01-04-2020,Cunco,0,9103
01-04-2020,Curacautín,0,9203
01-04-2020,Curarrehue,3,9104
01-04-2020,Ercilla,0,9204
01-04-2020,Freire,5,9105
01-04-2020,Galvarino,1,9106
01-04-2020,Gorbea,7,9107
01-04-2020,Lautaro,10,9108
01-04-2020,Loncoche,4,9109
01-04-2020,Lonquimay,0,9205
01-04-2020,Los Sauces,0,9206
01-04-2020,Lumaco,0,9207
01-04-2020,Melipeuco,0,9110
01-04-2020,Nueva Imperial,11,9111
01-04-2020,Padre Las Casas,33,9112
01-04-2020,Perquenco,2,9113
01-04-2020,Pitrufquén,7,9114
01-04-2020,Pucón,3,9115
01-04-2020,Purén,1,9208
01-04-2020,Renaico,0,9209
01-04-2020,Saavedra,1,9116
01-04-2020,Temuco,293,9101
01-04-2020,Teodoro Schmidt,2,9117
01-04-2020,Toltén,4,9118
01-04-2020,Traiguén,0,9210
01-04-2020,Victoria,11,9211
01-04-2020,Vilcún,11,9119
01-04-2020,Villarrica,6,9120
01-04-2020,Corral,0,14102
01-04-2020,Futrono,2,14202
01-04-2020,La Unión,10,14201
01-04-2020,Lago Ranco,1,14203
01-04-2020,Lanco,1,14103
01-04-2020,Los Lagos,0,14104
01-04-2020,Máfil,1,14105
01-04-2020,Mariquina,3,14106
01-04-2020,Paillaco,1,14107
01-04-2020,Panguipulli,0,14108
01-04-2020,Río Bueno,2,14204
01-04-2020,Valdivia,47,14101
01-04-2020,Ancud,0,10202
01-04-2020,Calbuco,5,10102
01-04-2020,Castro,1,10201
01-04-2020,Chaitén,1,10401
01-04-2020,Chonchi,0,10203
01-04-2020,Cochamó,0,10103
01-04-2020,Curaco de Vélez,0,10204
01-04-2020,Dalcahue,0,10205
01-04-2020,Fresia,0,10104
01-04-2020,Frutillar,1,10105
01-04-2020,Futaleufú,0,10402
01-04-2020,Hualaihué,3,10403
01-04-2020,Llanquihue,0,10107
01-04-2020,Los Muermos,1,10106
01-04-2020,Maullín,0,10108
01-04-2020,Osorno,163,10301
01-04-2020,Palena,0,10404
01-04-2020,Puerto Montt,25,10101
01-04-2020,Puerto Octay,1,10302
01-04-2020,Puerto Varas,2,10109
01-04-2020,Puqueldón,0,10206
01-04-2020,Purranque,5,10303
01-04-2020,Puyehue,1,10304
01-04-2020,Queilén,0,10207
01-04-2020,Quellón,0,10208
01-04-2020,Quemchi,0,10209
01-04-2020,Quinchao,1,10210
01-04-2020,Río Negro,1,10305
01-04-2020,San Juan de la Costa,0,10306
01-04-2020,San Pablo,2,10307
01-04-2020,Aisén,4,11201
01-04-2020,Chile Chico,0,11401
01-04-2020,Cisnes,0,11202
01-04-2020,Cochrane,0,11301
01-04-2020,Coyhaique,2,11101
01-04-2020,Guaitecas,0,11203
01-04-2020,Lago Verde,0,11102
01-04-2020,O'Higgins,0,11302
01-04-2020,Río Ibáñez,0,11402
01-04-2020,Tortel,0,11303
01-04-2020,Antártica,0,12202
01-04-2020,Cabo de Hornos,6,12201
01-04-2020,Laguna Blanca,0,12102
01-04-2020,Natales,5,12401
01-04-2020,Porvenir,2,12301
01-04-2020,Primavera,0,12302
01-04-2020,Punta Arenas,143,12101
01-04-2020,Río Verde,0,12103
01-04-2020,San Gregorio,0,12104
01-04-2020,Timaukel,0,12303
01-04-2020,Torres del Paine,0,12402
06-04-2020,Arica,41,15101
06-04-2020,Camarones,0,15102
06-04-2020,General Lagos,0,15202
06-04-2020,Putre,0,15201
06-04-2020,Alto Hospicio,5,1107
06-04-2020,Camiña,0,1402
06-04-2020,Colchane,0,1403
06-04-2020,Huara,0,1404
06-04-2020,Iquique,13,1101
06-04-2020,Pica,1,1405
06-04-2020,Pozo Almonte,2,1401
06-04-2020,Antofagasta,54,2101
06-04-2020,Calama,7,2201
06-04-2020,María Elena,0,2302
06-04-2020,Mejillones,1,2102
06-04-2020,Ollagüe,0,2202
06-04-2020,San Pedro de Atacama,4,2203
06-04-2020,Sierra Gorda,0,2103
06-04-2020,Taltal,0,2104
06-04-2020,Tocopilla,2,2301
06-04-2020,Alto del Carmen,0,3302
06-04-2020,Caldera,0,3102
06-04-2020,Chañaral,0,3201
06-04-2020,Copiapó,4,3101
06-04-2020,Diego de Almagro,1,3202
06-04-2020,Freirina,0,3303
06-04-2020,Huasco,0,3304
06-04-2020,Tierra Amarilla,0,3103
06-04-2020,Vallenar,0,3301
06-04-2020,Andacollo,0,4103
06-04-2020,Canela,0,4202
06-04-2020,Combarbalá,0,4302
06-04-2020,Coquimbo,19,4102
06-04-2020,Illapel,7,4201
06-04-2020,La Higuera,0,4104
06-04-2020,La Serena,12,4101
06-04-2020,Los Vilos,1,4203
06-04-2020,Monte Patria,0,4303
06-04-2020,Ovalle,7,4301
06-04-2020,Paiguano,0,4105
06-04-2020,Punitaqui,0,4304
06-04-2020,Río Hurtado,1,4305
06-04-2020,Salamanca,4,4204
06-04-2020,Vicuña,0,4106
06-04-2020,Algarrobo,9,5602
06-04-2020,Cabildo,0,5402
06-04-2020,Calera,7,5502
06-04-2020,Calle Larga,2,5302
06-04-2020,Cartagena,1,5603
06-04-2020,Casablanca,3,5102
06-04-2020,Catemu,0,5702
06-04-2020,Concón,7,5103
06-04-2020,El Quisco,1,5604
06-04-2020,El Tabo,3,5605
06-04-2020,Hijuelas,0,5503
06-04-2020,Isla de Pascua,5,5201
06-04-2020,Juan Fernández,0,5104
06-04-2020,La Cruz,3,5504
06-04-2020,La Ligua,2,5401
06-04-2020,Limache,4,5802
06-04-2020,Llaillay,2,5703
06-04-2020,Los Andes,2,5301
06-04-2020,Nogales,0,5506
06-04-2020,Olmué,0,5803
06-04-2020,Panquehue,0,5704
06-04-2020,Papudo,1,5403
06-04-2020,Petorca,5,5404
06-04-2020,Puchuncaví,0,5105
06-04-2020,Putaendo,1,5705
06-04-2020,Quillota,9,5501
06-04-2020,Quilpué,12,5801
06-04-2020,Quintero,2,5107
06-04-2020,Rinconada,0,5303
06-04-2020,San Antonio,9,5601
06-04-2020,San Esteban,0,5304
06-04-2020,San Felipe,5,5701
06-04-2020,Santa María,2,5706
06-04-2020,Santo Domingo,2,5606
06-04-2020,Valparaíso,26,5101
06-04-2020,Villa Alemana,11,5804
06-04-2020,Viña del Mar,53,5109
06-04-2020,Zapallar,0,5405
06-04-2020,Alhué,0,13502
06-04-2020,Buin,20,13402
06-04-2020,Calera de Tango,7,13403
06-04-2020,Cerrillos,5,13102
06-04-2020,Cerro Navia,31,13103
06-04-2020,Colina,50,13301
06-04-2020,Conchalí,32,13104
06-04-2020,Curacaví,8,13503
06-04-2020,El Bosque,37,13105
06-04-2020,El Monte,5,13602
06-04-2020,Estación Central,36,13106
06-04-2020,Huechuraba,32,13107
06-04-2020,Independencia,26,13108
06-04-2020,Isla de Maipo,4,13603
06-04-2020,La Cisterna,20,13109
06-04-2020,La Florida,91,13110
06-04-2020,La Granja,24,13111
06-04-2020,La Pintana,18,13112
06-04-2020,La Reina,35,13113
06-04-2020,Lampa,14,13302
06-04-2020,Las Condes,258,13114
06-04-2020,Lo Barnechea,97,13115
06-04-2020,Lo Espejo,15,13116
06-04-2020,Lo Prado,25,13117
06-04-2020,Macul,34,13118
06-04-2020,Maipú,83,13119
06-04-2020,María Pinto,0,13504
06-04-2020,Melipilla,11,13501
06-04-2020,Ñuñoa,107,13120
06-04-2020,Padre Hurtado,16,13604
06-04-2020,Paine,3,13404
06-04-2020,Pedro Aguirre Cerda,16,13121
06-04-2020,Peñaflor,18,13605
06-04-2020,Peñalolén,65,13122
06-04-2020,Pirque,4,13202
06-04-2020,Providencia,104,13123
06-04-2020,Pudahuel,44,13124
06-04-2020,Puente Alto,119,13201
06-04-2020,Quilicura,51,13125
06-04-2020,Quinta Normal,41,13126
06-04-2020,Recoleta,44,13127
06-04-2020,Renca,19,13128
06-04-2020,San Bernardo,74,13401
06-04-2020,San Joaquín,36,13129
06-04-2020,San José de Maipo,3,13203
06-04-2020,San Miguel,49,13130
06-04-2020,San Pedro,0,13505
06-04-2020,San Ramón,9,13131
06-04-2020,Santiago,234,13101
06-04-2020,Talagante,11,13601
06-04-2020,Tiltil,3,13303
06-04-2020,Vitacura,114,13132
06-04-2020,Chépica,0,6302
06-04-2020,Chimbarongo,2,6303
06-04-2020,Codegua,0,6102
06-04-2020,Coinco,0,6103
06-04-2020,Coltauco,0,6104
06-04-2020,Doñihue,0,6105
06-04-2020,Graneros,0,6106
06-04-2020,La Estrella,0,6202
06-04-2020,Las Cabras,0,6107
06-04-2020,Litueche,0,6203
06-04-2020,Lolol,0,6304
06-04-2020,Machalí,8,6108
06-04-2020,Malloa,0,6109
06-04-2020,Marchihue,0,6204
06-04-2020,Mostazal,0,6110
06-04-2020,Nancagua,0,6305
06-04-2020,Navidad,0,6205
06-04-2020,Olivar,2,6111
06-04-2020,Palmilla,0,6306
06-04-2020,Paredones,0,6206
06-04-2020,Peralillo,0,6307
06-04-2020,Peumo,1,6112
06-04-2020,Pichidegua,0,6113
06-04-2020,Pichilemu,0,6201
06-04-2020,Placilla,1,6308
06-04-2020,Pumanque,0,6309
06-04-2020,Quinta de Tilcoco,2,6114
06-04-2020,Rancagua,15,6101
06-04-2020,Rengo,1,6115
06-04-2020,Requínoa,1,6116
06-04-2020,San Fernando,4,6301
06-04-2020,San Vicente,4,6117
06-04-2020,Santa Cruz,1,6310
06-04-2020,Cauquenes,4,7201
06-04-2020,Chanco,0,7202
06-04-2020,Colbún,5,7402
06-04-2020,Constitución,3,7102
06-04-2020,Curepto,0,7103
06-04-2020,Curicó,13,7301
06-04-2020,Empedrado,0,7104
06-04-2020,Hualañé,0,7302
06-04-2020,Licantén,0,7303
06-04-2020,Linares,11,7401
06-04-2020,Longaví,2,7403
06-04-2020,Maule,2,7105
06-04-2020,Molina,3,7304
06-04-2020,Parral,3,7404
06-04-2020,Pelarco,0,7106
06-04-2020,Pelluhue,1,7203
06-04-2020,Pencahue,0,7107
06-04-2020,Rauco,1,7305
06-04-2020,Retiro,0,7405
06-04-2020,Río Claro,1,7108
06-04-2020,Romeral,2,7306
06-04-2020,Sagrada Familia,1,7307
06-04-2020,San Clemente,0,7109
06-04-2020,San Javier,7,7406
06-04-2020,San Rafael,1,7110
06-04-2020,Talca,48,7101
06-04-2020,Teno,0,7308
06-04-2020,Vichuquén,0,7309
06-04-2020,Villa Alegre,0,7407
06-04-2020,Yerbas Buenas,0,7408
06-04-2020,Bulnes,36,16102
06-04-2020,Chillán,291,16101
06-04-2020,Chillán Viejo,30,16103
06-04-2020,Cobquecura,0,16202
06-04-2020,Coelemu,3,16203
06-04-2020,Coihueco,6,16302
06-04-2020,El Carmen,2,16104
06-04-2020,Ninhue,0,16204
06-04-2020,Ñiquén,0,16303
06-04-2020,Pemuco,2,16105
06-04-2020,Pinto,9,16106
06-04-2020,Portezuelo,0,16205
06-04-2020,Quillón,17,16107
06-04-2020,Quirihue,1,16201
06-04-2020,Ránquil,7,16206
06-04-2020,San Carlos,19,16301
06-04-2020,San Fabián,6,16304
06-04-2020,San Ignacio,6,16108
06-04-2020,San Nicolás,10,16305
06-04-2020,Treguaco,0,16207
06-04-2020,Yungay,26,16109
06-04-2020,Alto Biobío,0,8314
06-04-2020,Antuco,0,8302
06-04-2020,Arauco,6,8202
06-04-2020,Cabrero,1,8303
06-04-2020,Cañete,0,8203
06-04-2020,Chiguayante,32,8103
06-04-2020,Concepción,70,8101
06-04-2020,Contulmo,0,8204
06-04-2020,Coronel,13,8102
06-04-2020,Curanilahue,1,8205
06-04-2020,Florida,2,8104
06-04-2020,Hualpén,67,8112
06-04-2020,Hualqui,7,8105
06-04-2020,Laja,5,8304
06-04-2020,Lebu,0,8201
06-04-2020,Los Álamos,0,8206
06-04-2020,Los Ángeles,17,8301
06-04-2020,Lota,1,8106
06-04-2020,Mulchén,5,8305
06-04-2020,Nacimiento,2,8306
06-04-2020,Negrete,1,8307
06-04-2020,Penco,5,8107
06-04-2020,Quilaco,0,8308
06-04-2020,Quilleco,0,8309
06-04-2020,San Pedro de la Paz,63,8108
06-04-2020,San Rosendo,0,8310
06-04-2020,Santa Bárbara,2,8311
06-04-2020,Santa Juana,0,8109
06-04-2020,Talcahuano,36,8110
06-04-2020,Tirúa,4,8207
06-04-2020,Tomé,25,8111
06-04-2020,Tucapel,0,8312
06-04-2020,Yumbel,5,8313
06-04-2020,Angol,15,9201
06-04-2020,Carahue,3,9102
06-04-2020,Cholchol,2,9121
06-04-2020,Collipulli,0,9202
06-04-2020,Cunco,5,9103
06-04-2020,Curacautín,2,9203
06-04-2020,Curarrehue,3,9104
06-04-2020,Ercilla,0,9204
06-04-2020,Freire,5,9105
06-04-2020,Galvarino,2,9106
06-04-2020,Gorbea,10,9107
06-04-2020,Lautaro,16,9108
06-04-2020,Loncoche,4,9109
06-04-2020,Lonquimay,0,9205
06-04-2020,Los Sauces,0,9206
06-04-2020,Lumaco,0,9207
06-04-2020,Melipeuco,0,9110
06-04-2020,Nueva Imperial,16,9111
06-04-2020,Padre Las Casas,44,9112
06-04-2020,Perquenco,1,9113
06-04-2020,Pitrufquén,11,9114
06-04-2020,Pucón,4,9115
06-04-2020,Purén,2,9208
06-04-2020,Renaico,0,9209
06-04-2020,Saavedra,1,9116
06-04-2020,Temuco,365,9101
06-04-2020,Teodoro Schmidt,3,9117
06-04-2020,Toltén,5,9118
06-04-2020,Traiguén,0,9210
06-04-2020,Victoria,12,9211
06-04-2020,Vilcún,18,9119
06-04-2020,Villarrica,11,9120
06-04-2020,Corral,0,14102
06-04-2020,Futrono,5,14202
06-04-2020,La Unión,17,14201
06-04-2020,Lago Ranco,2,14203
06-04-2020,Lanco,2,14103
06-04-2020,Los Lagos,0,14104
06-04-2020,Máfil,1,14105
06-04-2020,Mariquina,6,14106
06-04-2020,Paillaco,1,14107
06-04-2020,Panguipulli,0,14108
06-04-2020,Río Bueno,5,14204
06-04-2020,Valdivia,65,14101
06-04-2020,Ancud,0,10202
06-04-2020,Calbuco,5,10102
06-04-2020,Castro,4,10201
06-04-2020,Chaitén,1,10401
06-04-2020,Chonchi,0,10203
06-04-2020,Cochamó,0,10103
06-04-2020,Curaco de Vélez,0,10204
06-04-2020,Dalcahue,0,10205
06-04-2020,Fresia,0,10104
06-04-2020,Frutillar,3,10105
06-04-2020,Futaleufú,0,10402
06-04-2020,Hualaihué,3,10403
06-04-2020,Llanquihue,0,10107
06-04-2020,Los Muermos,1,10106
06-04-2020,Maullín,0,10108
06-04-2020,Osorno,190,10301
06-04-2020,Palena,0,10404
06-04-2020,Puerto Montt,35,10101
06-04-2020,Puerto Octay,1,10302
06-04-2020,Puerto Varas,4,10109
06-04-2020,Puqueldón,0,10206
06-04-2020,Purranque,5,10303
06-04-2020,Puyehue,1,10304
06-04-2020,Queilén,0,10207
06-04-2020,Quellón,0,10208
06-04-2020,Quemchi,0,10209
06-04-2020,Quinchao,1,10210
06-04-2020,Río Negro,1,10305
06-04-2020,San Juan de la Costa,7,10306
06-04-2020,San Pablo,2,10307
06-04-2020,Aisén,5,11201
06-04-2020,Chile Chico,1,11401
06-04-2020,Cisnes,0,11202
06-04-2020,Cochrane,0,11301
06-04-2020,Coyhaique,1,11101
06-04-2020,Guaitecas,0,11203
06-04-2020,Lago Verde,0,11102
06-04-2020,O'Higgins,0,11302
06-04-2020,Río Ibáñez,0,11402
06-04-2020,Tortel,0,11303
06-04-2020,Antártica,0,12202
06-04-2020,Cabo de Hornos,10,12201
06-04-2020,Laguna Blanca,0,12102
06-04-2020,Natales,5,12401
06-04-2020,Porvenir,3,12301
06-04-2020,Primavera,0,12302
06-04-2020,Punta Arenas,203,12101
06-04-2020,Río Verde,0,12103
06-04-2020,San Gregorio,0,12104
06-04-2020,Timaukel,0,12303
06-04-2020,Torres del Paine,0,12402
