ID_C_AUC,N_1a11d
1,0
2,0
3,0
4,0
5,0
6,10
7,1
8,0
9,0
10,0
11,0
12,0
13,0
14,0
15,0
16,0
17,0
18,8
19,3
20,0
21,1
22,39
23,21
24,8
25,30
26,27
27,0
28,0
29,2
30,25
31,20
32,1
33,2
34,0
35,0
36,2
37,5
38,16
39,0
40,2
41,0
42,0
43,10
44,17
45,18
46,14
47,0
48,0
49,5
50,20
51,24
52,31
53,31
54,1
55,0
56,0
57,9
58,21
59,17
60,29
61,2
62,0
63,0
64,0
65,0
66,0
67,13
68,38
69,8
70,17
71,1
72,1
73,9
74,0
75,0
76,0
77,0
78,0
79,0
80,1
81,0
82,1
83,0
84,0
85,0
86,0
87,0
88,0
89,0
90,0
91,1
92,2
93,0
94,1
95,0
96,3
97,0
98,0
99,0
100,0
101,0
102,0
103,0
104,0
105,0
106,0
107,0
108,0
109,0
110,0
111,0
112,0
113,0
114,0
115,0
116,0
117,0
118,0
119,0
120,0
121,0
122,0
123,0
124,0
125,0
126,0
127,0
128,0
129,0
130,0
131,0
132,0
133,0
134,0
135,0
136,0
137,0
138,0
139,0
140,0
141,0
142,1
143,0
144,0
145,0
146,0
147,0
148,0
149,0
150,0
151,0
152,0
153,0
154,0
155,0
156,0
157,0
158,0
159,0
160,0
161,0
162,0
163,0
164,0
165,0
166,0
167,0
168,0
169,3
170,0
171,0
172,0
173,0
174,0
175,0
176,0
177,0
178,0
179,0
180,0
181,0
182,0
183,0
184,0
185,0
186,0
187,0
188,0
189,0
190,0
191,1
192,0
193,0
194,0
195,0
196,0
197,0
198,0
199,0
200,0
201,0
202,0
203,0
204,0
205,0
206,0
207,0
208,0
209,0
210,0
211,0
212,0
213,3
214,24
215,22
216,0
217,0
218,35
219,67
220,53
221,0
222,14
223,64
224,60
225,2
226,2
227,41
228,67
229,11
230,0
231,13
232,40
233,29
234,0
235,0
236,17
237,0
238,0
239,0
240,0
241,25
242,21
243,0
244,24
245,6
246,0
247,1
248,11
249,0
250,2
251,36
252,25
253,23
254,0
255,0
256,0
257,0
258,1
259,6
260,0
261,0
262,37
263,45
264,37
265,3
266,0
267,0
268,0
269,0
270,0
271,0
272,15
273,26
274,25
275,13
276,17
277,1
278,2
279,0
280,12
281,31
282,3
283,0
284,0
285,2
286,5
287,28
288,3
289,0
290,0
291,0
292,0
293,0
294,1
295,0
296,1
297,0
298,0
299,0
300,0
301,1
302,1
303,0
304,0
305,0
306,0
307,0
308,1
309,0
310,1
311,0
312,0
313,0
314,0
315,0
316,0
317,0
318,0
319,13
320,0
321,0
322,0
323,0
324,1
325,0
326,1
327,0
328,1
329,0
330,0
331,0
332,0
333,0
334,0
335,0
336,0
337,0
338,0
339,2
340,0
341,0
342,0
343,0
344,0
345,0
346,0
347,1
348,0
349,0
350,0
351,0
352,0
353,0
354,0
355,0
356,0
357,0
358,0
359,0
360,0
361,0
362,0
363,0
364,0
365,0
366,0
367,0
368,0
369,0
370,0
371,0
372,5
373,0
374,0
375,6
376,4
377,11
378,20
379,0
380,0
381,2
382,19
383,0
384,1
385,10
386,0
387,11
388,0
389,0
390,0
391,0
392,0
393,0
394,0
395,0
396,0
397,0
398,0
399,0
400,0
401,0
402,0
403,47
404,1
405,0
406,0
407,0
408,0
409,0
410,0
411,7
412,0
413,0
414,0
415,0
416,0
417,0
418,8
419,6
420,1
421,0
422,0
423,0
424,0
425,2
426,0
427,1
428,14
429,6
430,2
431,17
432,0
433,0
434,0
435,0
436,0
437,1
438,20
439,13
440,10
441,6
442,1
443,1
444,0
445,4
446,14
447,14
448,6
449,0
450,1
451,8
452,15
453,1
454,1
455,0
456,5
457,17
458,0
459,1
460,2
461,0
462,0
463,7
464,0
465,0
466,0
467,0
468,0
469,0
470,0
471,0
472,0
473,0
474,0
475,0
476,0
477,0
478,0
479,0
480,1
481,4
482,0
483,0
484,2
485,18
486,0
487,0
488,0
489,0
490,0
491,7
492,1
493,0
494,0
495,2
497,0
498,0
499,0
500,0
501,0
502,4
503,3
504,0
505,0
506,0
507,0
508,0
509,0
510,1
511,28
512,46
513,2
514,0
515,0
516,0
517,0
518,9
519,7
520,0
521,0
522,0
523,0
524,0
525,0
526,0
527,0
528,0
529,0
530,0
531,5
532,0
533,0
534,0
535,0
536,2
537,0
538,1
539,0
540,0
541,13
542,0
543,0
544,0
545,4
546,0
547,12
548,3
549,0
550,0
551,28
552,7
553,21
554,23
555,10
556,23
557,47
558,85
559,2
560,34
561,52
562,0
563,23
564,29
565,65
566,2
567,0
568,2
569,21
570,67
571,10
572,0
573,17
574,29
575,0
576,23
577,74
578,3
579,8
580,30
581,36
582,0
583,16
584,37
585,5
586,0
587,17
588,59
589,4
590,0
591,62
592,52
593,0
594,5
595,25
596,31
597,0
598,20
599,13
600,1
601,0
602,1
603,12
604,0
605,1
606,0
607,0
608,13
609,18
610,0
611,4
612,13
613,0
614,0
615,8
616,2
617,4
618,1
619,0
620,0
621,0
622,0
623,0
624,0
625,0
626,1
627,0
628,0
629,0
630,0
631,0
632,0
633,0
634,1
635,0
636,6
637,7
638,0
639,0
640,0
641,0
642,0
643,0
644,0
645,0
646,0
647,0
648,0
649,0
650,0
651,0
652,6
653,0
654,0
655,0
656,1
657,0
658,0
659,2
660,1
661,0
662,0
663,3
664,0
665,0
666,0
667,0
668,0
669,0
670,0
671,0
672,0
673,0
674,1
675,0
676,0
677,2
678,5
679,0
680,0
681,0
682,0
683,0
684,0
685,0
686,0
687,0
688,0
689,0
690,0
691,0
692,0
693,0
694,0
695,0
696,0
697,0
698,0
699,0
700,0
701,2
702,0
703,1
704,0
705,0
706,0
707,0
708,0
709,1
710,2
711,2
712,1
713,0
714,5
715,1
716,3
717,14
718,0
719,0
720,0
721,0
722,0
723,5
724,0
725,0
726,0
727,0
728,0
729,0
730,0
731,0
732,0
733,0
734,0
735,0
736,0
737,0
738,0
739,0
740,0
741,0
742,0
743,0
744,0
745,0
746,0
747,0
748,0
749,0
750,0
751,0
752,0
753,0
754,0
755,0
756,0
757,0
758,0
759,0
760,3
761,3
762,0
763,3
764,0
765,0
766,4
767,2
768,17
769,12
770,8
771,0
772,0
773,4
774,7
775,15
776,13
777,0
778,0
779,4
780,5
781,8
782,19
783,5
784,0
785,2
786,33
787,9
788,7
789,9
790,3
791,0
792,2
793,2
794,3
795,2
796,0
797,0
798,2
799,0
800,2
801,7
802,2
803,0
804,0
805,4
806,10
807,9
808,0
809,0
810,0
811,0
812,0
813,0
814,9
815,3
816,0
817,5
818,3
819,4
820,0
821,1
822,0
823,1
824,0
825,0
826,0
827,0
828,0
829,0
830,0
831,0
832,0
833,0
834,0
835,1
836,0
837,0
838,0
839,0
840,0
841,1
842,0
843,0
844,0
845,0
846,0
847,0
848,0
849,0
850,0
851,0
852,0
853,0
854,0
855,0
856,0
857,0
858,0
859,0
860,0
861,0
862,0
863,0
864,0
865,0
866,11
867,4
868,3
869,0
870,0
871,0
872,0
873,4
874,0
875,1
876,1
877,0
878,2
879,0
880,3
881,0
882,0
883,3
884,8
885,12
886,0
887,0
888,0
889,0
890,0
891,0
892,0
893,0
894,2
895,0
896,0
897,0
898,0
899,0
900,0
901,0
902,2
903,1
904,0
905,0
906,0
907,0
908,0
909,0
910,6
911,4
912,0
913,1
914,0
915,4
916,7
917,16
918,0
919,0
920,0
921,0
922,3
923,3
924,6
925,0
926,0
927,0
928,0
929,0
930,0
931,0
932,0
933,1
934,0
935,0
936,0
937,0
938,0
939,0
940,0
941,0
942,0
943,0
944,0
945,0
946,0
947,0
948,0
949,0
950,0
951,0
952,0
953,0
954,0
955,0
956,0
957,0
958,0
959,0
960,0
961,0
962,1
963,0
964,0
965,0
966,0
967,0
968,0
969,0
970,0
971,0
972,0
973,0
974,0
975,0
976,0
977,0
978,0
979,0
980,0
981,0
982,0
983,0
984,0
985,1
986,0
987,0
988,0
989,0
990,0
991,0
992,0
993,0
994,0
995,1
996,0
997,0
998,0
999,0
1000,0
1001,0
1002,0
1003,0
1004,0
1005,0
1006,3
1007,0
1008,0
1009,0
1010,0
1011,0
1012,0
1013,0
1014,10
1015,14
1016,0
1017,4
1018,20
1019,19
1020,7
1021,0
1022,0
1023,0
1024,4
1025,8
1026,16
1027,10
1028,3
1029,0
1030,0
1031,0
1032,0
1033,0
1034,0
1035,8
1036,4
1037,1
1038,14
1039,2
1040,0
1041,0
1042,0
1043,0
1044,0
1045,0
1046,7
1047,1
1048,6
1049,0
1050,2
1051,0
1052,3
1053,0
1054,0
1055,2
1056,13
1057,6
1058,6
1059,4
1060,0
1061,0
1062,0
1063,0
1064,0
1065,1
1066,12
1067,15
1068,9
1069,4
1070,0
1071,0
1072,4
1073,1
1074,4
1075,3
1076,0
1077,2
1078,5
1079,8
1080,0
1081,0
1082,2
1083,0
1084,1
1085,2
1086,18
1087,6
1088,5
1089,0
1090,2
1091,0
1092,0
1093,0
1094,0
1095,4
1096,4
1097,0
1098,9
1099,0
1100,4
1101,3
1102,2
1103,2
1104,0
1105,0
1106,0
1107,0
1108,0
1109,0
1110,0
1111,0
1112,1
1113,10
1114,0
1115,0
1116,1
1117,6
1118,3
1119,13
1120,8
1121,9
1122,0
1123,0
1124,1
1125,0
1126,0
1127,11
1128,8
1129,1
1130,0
1131,3
1132,2
1133,0
1134,1
1135,3
1136,14
1137,4
1138,0
1139,0
1140,0
1141,0
1142,0
1143,6
1144,4
1145,12
1146,6
1147,4
1148,2
1149,1
1150,0
1151,1
1152,4
1153,1
1154,0
1155,0
1156,0
1157,0
1158,0
1159,0
1160,0
1161,0
1162,0
1163,4
1164,16
1165,18
1166,0
1167,0
1168,1
1169,6
1170,0
1171,0
1172,3
1173,0
1174,0
1175,0
1176,0
1177,0
1178,0
1179,0
1180,1
1181,1
1182,10
1183,11
1184,5
1185,3
1186,0
1187,0
1188,0
1189,0
1190,0
1191,0
1192,1
1193,4
1194,6
1195,2
1196,0
1197,2
1198,0
1199,0
1200,0
1201,0
1202,0
1203,0
1204,0
1205,0
1206,0
1207,0
1208,1
1209,0
1210,0
1211,0
1212,0
1213,0
1214,0
1215,0
1216,0
1217,2
1218,0
1219,0
1220,2
1221,0
1222,0
1223,0
1224,0
1225,0
1226,3
1227,0
1228,1
1229,4
1230,0
1231,0
1232,0
1233,0
1234,0
1235,0
1236,0
1237,0
1238,0
1239,0
1240,0
1241,0
1242,0
1243,0
1244,0
1245,0
1246,0
1247,0
1248,0
1249,0
1250,0
1251,9
1252,1
1253,0
1254,0
1255,0
1256,0
1257,0
1258,0
1259,0
1260,4
1261,0
1262,0
1263,0
1264,0
1265,2
1266,0
1267,0
1268,0
1269,1
1270,3
1271,0
1272,0
1273,0
1274,0
1275,0
1276,0
1277,0
1278,0
1279,0
1280,0
1281,0
1282,0
1283,0
1284,0
1285,0
1286,0
1287,0
1288,0
1289,0
1290,0
1291,3
1292,0
1293,0
1294,0
1295,0
1296,0
1297,1
1298,0
1299,1
1300,0
1301,0
1302,0
1303,1
1304,0
1305,0
1306,0
1307,0
1308,0
1309,0
1310,0
1311,0
1312,0
1313,0
1314,0
1315,0
1316,0
1317,0
1318,8
1319,1
1320,0
1321,1
1322,0
1323,1
1324,0
1325,0
1326,0
1327,0
1328,0
1329,0
1330,0
1331,0
1332,0
1333,0
1334,0
1335,2
1336,0
1337,0
1338,0
1339,0
1340,0
1341,0
1342,0
1343,0
1344,1
1345,0
1346,0
1347,0
1348,1
1349,0
1350,0
1351,0
1352,0
1353,0
1354,0
1355,0
1356,0
1357,0
1358,0
1359,0
1360,0
1361,0
1362,0
1363,0
1364,0
1365,0
1366,0
1367,0
1368,1
1369,0
1370,0
1371,0
1372,0
1373,0
1374,1
1375,0
1376,0
1377,0
1378,0
1379,0
1380,0
1381,0
1382,0
1383,0
1384,1
1385,0
1386,0
1387,0
1388,3
1389,0
1390,0
1391,0
1392,0
1393,2
1394,3
1395,0
1396,3
1397,6
1398,13
1399,2
1400,0
1401,0
1402,7
1403,9
1404,11
1405,0
1406,5
1407,4
1408,8
1409,4
1410,0
1411,0
1412,0
1413,1
1414,3
1415,4
1416,2
1417,0
1418,0
1419,0
1420,0
1421,0
1422,0
1423,0
1424,3
1425,0
1426,0
1427,0
1428,0
1429,0
1430,0
1431,1
1432,0
1433,0
1434,1
1435,1
1436,0
1437,0
1438,0
1439,0
1440,0
1441,0
1442,0
1443,0
1444,0
1445,0
1446,1
1447,0
1448,0
1449,0
1450,0
1451,0
1452,0
1453,0
1454,0
1455,0
1456,1
1457,0
1458,0
1459,0
1460,0
1461,0
1462,0
1463,0
1464,0
1465,1
1466,1
1467,3
1468,0
1469,0
1470,1
1471,1
1472,0
1473,0
1474,0
1475,0
1476,0
1477,0
1478,0
1479,0
1480,1
1481,0
1482,0
1483,0
1484,0
1485,0
1486,0
1487,0
1488,0
1489,0
1490,0
1491,0
1492,0
1493,0
1494,0
1495,0
1496,0
1497,0
1498,0
1499,0
1500,0
1501,0
1502,0
1503,0
1504,0
1505,0
1506,0
1507,0
1508,0
1509,0
1510,0
1511,1
1512,0
1513,0
1514,0
1515,0
1516,3
1517,0
1518,0
1519,1
1520,3
1521,0
1522,0
1523,0
1524,0
1525,2
1526,0
1527,0
1528,0
1529,0
1530,0
1531,0
1532,0
1533,0
1534,0
1535,0
1536,0
1537,3
1538,0
1539,0
1540,0
1541,0
1542,2
1543,2
1544,0
1545,0
1546,0
1547,0
1548,0
1549,0
1550,0
1551,0
1552,0
1553,0
1554,0
1555,0
1556,0
1557,0
1558,0
1559,0
1560,0
1561,2
1562,1
1563,0
1564,0
1565,1
1566,0
1567,0
1568,0
1569,4
1570,0
1571,0
1572,0
1573,0
1574,0
1575,1
1576,0
1577,0
1578,0
1579,0
1580,0
1581,0
1582,0
1583,0
1584,0
1585,0
1586,0
1587,0
1588,0
1589,0
1590,0
1591,0
1592,0
1593,0
1594,0
1595,0
1596,0
1597,0
1598,0
1599,0
1600,0
1601,0
1602,0
1603,0
1604,1
1605,0
1606,0
1607,0
1608,0
1609,0
1610,0
1611,0
1612,0
1613,0
1614,0
1615,0
1616,0
1617,0
1618,0
1619,0
1620,0
1621,0
1622,0
1623,0
1624,0
1625,0
1626,0
1627,0
1628,0
1629,0
1630,0
1631,0
1632,0
1633,0
1634,0
1635,0
1636,0
1637,0
1638,0
1639,0
1640,0
1641,0
1642,0
1643,0
1644,0
1645,0
1646,1
1647,0
1648,0
1649,0
1650,0
1651,0
1652,0
1653,0
1654,0
1655,0
1656,0
1657,0
1658,2
1659,0
1660,0
1661,0
1662,0
1663,0
1664,0
1665,0
1666,3
1667,0
1668,1
1669,0
1670,0
1671,0
1672,0
1673,0
1674,0
1675,0
1676,0
1677,0
1678,0
1679,0
1680,0
1681,0
1682,0
1683,0
1684,0
1685,0
1686,0
1687,0
1688,0
1689,0
1690,0
1691,0
1692,0
1693,0
1694,0
1695,1
1696,0
1697,0
1698,0
1699,0
1700,0
1701,0
1702,0
1703,4
1704,0
1705,0
1706,0
1707,1
1708,2
1709,0
1710,0
1711,0
1712,1
1713,3
1714,0
1715,1
1716,0
1717,0
1718,0
1719,0
1720,0
1721,0
1722,0
1723,0
1724,0
1725,0
1726,0
1727,0
1728,0
1729,0
1730,0
1731,0
1732,1
1733,0
1734,0
1735,0
1736,0
1737,0
1738,0
1739,0
1740,0
1741,0
1742,0
1743,0
1744,0
1745,0
1746,1
1747,0
1748,0
1749,0
1750,3
1751,0
1752,1
1753,0
1754,0
1755,0
1756,0
1757,4
1758,2
1759,0
1760,0
1761,5
1762,1
1763,1
1764,0
1765,0
1766,1
1767,0
1768,1
1769,0
1770,0
1771,0
1772,0
1773,0
1774,0
1775,0
1776,0
1777,0
1778,0
1779,0
1780,1
1781,0
1782,0
1783,0
1784,0
1785,0
1786,1
1787,0
1788,0
1789,0
1790,0
1791,0
1792,0
1793,0
1794,0
1795,1
1796,0
1797,0
1798,0
1799,0
1800,0
1801,0
1802,0
1803,0
1804,0
1805,0
1806,0
1807,0
1808,0
1809,0
1810,0
1811,0
1812,0
1813,0
1814,0
1815,0
1816,0
1817,0
1818,0
1819,0
1820,0
1821,2
1822,3
1823,0
1824,18
1825,13
1826,0
1827,0
1828,5
1829,0
1830,0
1831,0
1832,0
1833,0
1834,0
1835,0
1836,0
1837,0
1838,0
1839,0
1840,0
1841,0
1842,0
1843,1
1844,0
1845,0
1846,0
1847,0
1848,0
1849,0
1850,0
1851,0
1852,0
1853,0
1854,0
1855,0
1856,0
1857,0
1858,0
1859,0
1860,0
1861,0
1862,0
1863,0
1864,0
1865,0
1866,0
1867,0
1868,0
1869,0
1870,0
1871,0
1872,0
1873,0
1874,1
1875,0
1876,0
1877,0
1878,0
1879,0
1880,1
1881,0
1882,0
1883,0
1884,0
1885,0
1886,0
1887,0
1888,0
1889,0
1890,0
1891,0
1892,5
1893,0
1894,0
1895,0
1896,0
1897,0
1898,0
1899,0
1900,0
1901,0
1902,0
1903,0
1904,0
1905,0
1906,0
1907,0
1908,0
1909,0
1910,0
1911,0
1912,0
1913,5
1914,0
1915,0
1916,0
1917,0
1918,2
1919,0
1920,0
1921,0
1922,0
1923,0
1924,0
1925,0
1926,0
1927,0
1928,0
1929,0
1930,0
1931,0
1932,0
1933,5
1934,0
1935,1
1936,0
1937,0
1938,0
1939,0
1940,0
1941,0
1942,0
1943,1
1944,7
1945,0
1946,0
1947,0
1948,2
1949,5
1950,2
1951,0
1952,0
1953,0
1954,1
1955,2
1956,1
1957,0
1958,0
1959,0
1960,0
1961,0
1962,0
1963,0
1964,0
1965,0
1966,1
1967,0
1968,1
1969,0
1970,0
1971,0
1972,0
1973,1
1974,0
1975,0
1976,0
1977,0
1978,0
1979,0
1980,0
1981,0
1982,0
1983,0
1984,0
1985,0
1986,0
1987,0
1988,0
1989,0
1990,1
1991,0
1992,0
1993,0
1994,0
1995,0
1996,0
1997,0
1998,0
1999,0
2000,0
2001,1
2002,0
2003,0
2004,1
2005,0
2006,0
2007,0
2008,0
2009,0
2010,0
2011,0
2012,0
2013,0
2014,0
2015,0
2016,0
2017,1
2018,0
2019,0
2020,0
2021,0
2022,0
2023,0
2024,0
2025,0
2026,0
2027,0
2028,0
2029,0
2030,0
2031,0
2032,0
2033,0
2034,0
2035,0
2036,0
2037,1
2038,0
2039,0
2040,0
2041,5
2042,0
2043,0
2044,0
2045,0
2046,0
2047,0
2048,0
2049,0
2050,0
2051,0
2052,5
2053,5
2054,0
2055,0
2056,0
2057,0
2058,0
2059,0
2060,0
2061,0
2062,1
2063,0
2064,3
2065,0
2066,0
2067,0
2068,0
2069,0
2070,0
2071,0
2072,0
2073,0
2074,0
2075,0
2076,0
2077,0
2078,0
2079,3
2080,0
2081,1
2082,0
2083,0
2084,0
2085,0
2086,0
2087,0
2088,0
2089,0
2090,0
2091,0
2092,0
2093,0
2094,0
2095,2
2096,0
2097,0
2098,0
2099,0
2100,0
2101,0
2102,0
2103,0
2104,0
2105,0
2106,0
2107,0
2108,0
2109,0
2110,0
2111,0
2112,0
2113,0
2114,0
2115,0
2116,0
2117,0
2118,0
2119,0
2120,1
2121,0
2122,0
2123,4
2124,9
2125,1
2126,1
2127,0
2128,0
2129,3
2130,3
2131,0
2132,0
2133,0
2134,0
2135,1
2136,0
2137,0
2138,0
2139,0
2140,0
2141,0
2142,1
2143,0
2144,0
2145,0
2146,0
2147,3
2148,3
2149,2
2150,5
2151,0
2152,0
2153,0
2154,1
2155,0
2156,0
2157,2
2158,0
2159,0
2160,0
2161,0
2162,0
2163,0
2164,0
2165,0
2166,2
2167,4
2168,1
2169,0
2170,0
2171,0
2172,0
2173,0
2174,0
2175,0
2176,0
2177,0
2178,0
2179,0
2180,0
2181,0
2182,0
2183,0
2184,0
2185,0
2186,0
2187,0
2188,0
2189,0
2190,0
2191,0
2192,0
2193,0
2194,0
2195,0
2196,0
2197,0
2198,0
2199,3
2200,5
2201,0
2202,3
2203,0
2204,0
2205,0
2206,0
2207,0
2208,0
2209,0
2210,0
2211,0
2212,1
2213,1
2214,0
2215,0
2216,1
2217,2
2218,2
2219,0
2220,0
2221,0
2222,1
2223,0
2224,0
2225,1
2226,0
2227,0
2228,0
2229,0
2230,1
2231,0
2232,0
2233,0
2234,0
2235,0
2236,0
2237,1
2238,0
2239,0
2240,0
2241,0
2242,0
2243,0
2244,1
2245,0
2246,0
2247,0
2248,2
2249,4
2250,2
2251,0
2252,6
2253,0
2254,1
2255,0
2256,0
2257,0
2258,0
2259,0
2260,0
2261,0
2262,0
2263,0
2264,0
2265,0
2266,0
2267,0
2268,0
2269,1
2270,4
2271,0
2272,4
2273,5
2274,0
2275,4
2276,0
2277,0
2278,2
2279,4
2280,5
2281,0
2282,0
2283,0
2284,0
2285,0
2286,1
2287,0
2288,1
2289,0
2290,0
2291,0
2292,0
2293,0
2294,0
2295,1
2296,0
2297,0
2298,3
2299,1
2300,0
2301,0
2302,3
2303,1
2304,0
2305,3
2306,0
2307,0
2308,1
2309,1
2310,0
2311,1
2312,0
2313,0
2314,0
2315,0
2316,0
2317,0
2318,0
2319,0
2320,0
2321,0
2322,0
2323,0
2324,1
2325,0
2326,0
2327,1
2328,0
2329,0
2330,1
2331,0
2332,0
2333,0
2334,1
2335,1
2336,0
2337,0
2338,1
2339,4
2340,0
2341,8
2342,1
2343,0
2344,1
2345,0
2346,0
2347,0
2348,0
2349,0
2350,1
2351,0
2352,0
2353,0
2354,0
2355,0
2356,3
2357,1
2358,3
2359,0
2360,5
2361,0
2362,0
2363,3
2364,0
2365,0
2366,0
2367,0
2368,0
2369,2
2370,1
2371,0
2372,0
2373,0
2374,2
2375,0
2376,0
2377,0
2378,0
2379,0
2380,7
2381,3
2382,0
2383,0
2384,0
2385,9
2386,0
2387,0
2388,0
2389,1
2390,2
2391,0
2392,0
2393,0
2394,0
2395,0
2396,0
2397,0
2398,0
2399,2
2400,0
2401,0
2402,0
2403,0
2404,0
2405,0
2406,8
2407,0
2408,1
2409,2
2410,1
2411,0
2412,0
2413,0
2414,0
2415,0
2416,0
2417,0
2418,0
2419,0
2420,0
2421,0
2422,0
2423,4
2424,0
2425,1
2426,3
2427,5
2428,1
2429,0
2430,0
2431,0
2432,0
2433,0
2434,1
2435,0
2436,1
2437,1
2438,0
2439,0
2440,0
2441,0
2442,1
2443,0
2444,0
2445,0
2446,0
2447,0
2448,0
2449,0
2450,0
2451,0
2452,0
2453,0
2454,1
2455,1
2456,2
2457,5
2458,2
2459,0
2460,0
2461,0
2462,0
2463,0
2464,0
2465,0
2466,0
2467,0
2468,2
2469,10
2470,6
2471,4
2472,0
2473,0
2474,0
2475,8
2476,8
2477,3
2478,0
2479,0
2480,3
2481,0
2482,0
2483,0
2484,0
2485,0
2486,0
2487,0
2488,1
2489,0
2490,1
2491,3
2492,5
2493,0
2494,0
2495,0
2496,0
2497,0
2498,1
2499,0
2500,0
2501,7
2502,4
2503,10
2504,0
2505,0
2506,0
2507,0
2508,3
2509,0
2510,0
2511,2
2512,0
2513,0
2514,1
2515,0
2516,0
2517,0
2518,0
2519,0
2520,7
2521,0
2522,0
2523,1
2524,1
2525,0
2526,1
2527,0
2528,0
2529,0
2530,0
2531,0
2532,2
2533,2
2534,1
2535,0
2536,0
2537,0
2538,0
2539,0
2540,0
2541,0
2542,0
2543,1
2544,5
2545,0
2546,0
2547,0
2548,1
2549,2
2550,1
2551,0
2552,0
2553,0
2554,0
2555,0
2556,0
2557,0
2558,0
2559,0
2560,0
2561,0
2562,1
2563,0
2564,0
2565,7
2566,5
2567,6
2568,17
2569,8
2570,0
2571,0
2572,0
2573,1
2574,2
2575,0
2576,1
2577,0
2578,0
2579,0
2580,0
2581,0
2582,1
2583,3
2584,0
2585,0
2586,0
2587,0
2588,0
2589,2
2590,0
2591,8
2592,10
2593,15
2594,11
2595,4
2596,0
2597,8
2598,4
2599,1
2600,0
2601,0
2602,0
2603,0
2604,0
2605,2
2606,11
2607,0
2608,0
2609,0
2610,0
2611,1
2612,5
2613,5
2614,4
2615,5
2616,8
2617,9
2618,3
2619,1
2620,0
2621,7
2622,5
2623,0
2624,0
2625,0
2626,0
2627,13
2628,8
2629,0
2630,5
2631,11
2632,9
2633,5
2634,0
2635,0
2636,0
2637,0
2638,5
2639,6
2640,0
2641,0
2642,1
2643,0
2644,5
2645,0
2646,0
2647,1
2648,9
2649,10
2650,4
2651,0
2652,16
2653,9
2654,3
2655,9
2656,4
2657,0
2658,1
2659,0
2660,0
2661,2
2662,1
2663,0
2664,0
2665,0
2666,0
2667,0
2668,0
2669,0
2670,11
2671,13
2672,5
2674,0
2675,9
2676,4
2677,3
2678,1
2679,9
2680,10
2681,5
2682,6
2683,5
2684,5
2685,4
2686,0
2687,2
2688,3
2689,0
2690,4
2691,4
2692,6
2693,2
2694,1
2695,5
2696,2
2697,0
2698,0
2699,19
2700,10
2701,12
2702,0
2703,4
2704,21
2705,7
2706,9
2707,7
2708,11
2709,15
2710,18
2711,4
2712,4
2713,0
2714,0
2715,5
2716,8
2717,1
2718,1
2719,1
2720,2
2721,2
2722,5
2723,1
2724,6
2725,5
2726,4
2727,4
2728,0
2729,0
2730,0
2731,9
2732,5
2733,15
2734,5
2735,6
2736,13
2737,10
2738,11
2739,5
2740,6
2741,3
2742,8
2743,0
2744,0
2745,0
2746,0
2747,2
2748,2
2749,5
2750,4
2751,2
2752,8
2753,6
2754,8
2755,4
2756,11
2757,6
2758,6
2759,1
2760,1
2761,0
2762,0
2763,3
2764,4
2765,8
2766,5
2767,14
2768,12
2769,6
2770,20
2771,3
2772,6
2773,0
2774,6
2775,0
2776,0
2777,0
2778,1
2779,0
2780,3
2781,7
2782,5
2783,5
2784,9
2785,7
2786,6
2787,17
2788,10
2789,0
2790,1
2791,0
2792,0
2793,0
2794,0
2795,1
2796,0
2797,0
2798,0
2799,0
2800,5
2801,5
2802,10
2803,3
2804,2
2805,0
2806,0
2807,1
2808,0
2809,3
2810,2
2811,1
2812,0
2813,0
2814,0
2815,1
2816,0
2817,0
2818,0
2819,0
2820,0
2821,0
2822,1
2823,5
2824,0
2825,0
2826,1
2827,0
2828,0
2829,0
2830,1
2831,1
2832,0
2833,0
2834,0
2835,0
2836,0
2837,0
2838,0
2839,0
2840,0
2841,0
2842,1
2843,1
2844,0
2845,0
2846,0
2847,0
2848,0
2849,0
2850,0
2851,0
2852,0
2853,8
2854,6
2855,3
2856,2
2857,0
2858,0
2859,0
2860,0
2861,0
2862,2
2863,9
2864,1
2865,1
2866,0
2867,0
2868,0
2869,2
2870,0
2871,0
2872,0
2873,4
2874,0
2875,0
2876,0
2877,0
2878,0
2879,0
2880,1
2881,5
2882,0
2883,0
2884,0
2885,0
2886,0
2887,0
2888,0
2889,0
2890,0
2891,0
2892,0
2893,0
2894,0
2895,0
2896,0
2897,2
2898,10
2899,6
2900,2
2901,0
2902,0
2903,0
2904,4
2905,9
2906,0
2907,0
2908,0
2909,0
2910,0
2911,3
2912,2
2913,0
2914,0
2915,0
2916,0
2917,0
2918,0
2919,0
2920,0
2921,0
2922,0
2923,2
2924,7
2925,3
2926,0
2927,0
2928,0
2929,0
2930,0
2931,0
2932,0
2933,0
2934,1
2935,0
2936,0
2937,1
2938,3
2939,1
2940,0
2941,0
2942,0
2943,0
2944,0
2945,0
2946,1
2947,1
2948,2
2949,0
2950,0
2951,1
2952,0
2953,2
2954,0
2955,0
2956,0
2957,4
2958,0
2959,0
2960,0
2961,0
2962,0
2963,0
2964,0
2965,0
2966,0
2967,0
2968,0
2969,0
2970,0
2971,0
2972,2
2973,0
2974,0
2975,0
2976,0
2977,0
2978,0
2979,0
2980,0
2981,0
2982,0
2983,0
2984,0
2985,0
2986,0
2987,0
2988,0
2989,0
2990,1
2991,0
2992,0
2993,0
2994,0
2995,0
2996,0
2997,0
2998,0
2999,0
3000,0
3001,0
3002,0
3003,0
3004,3
3005,0
3006,0
3007,0
3008,0
3009,0
3010,0
3011,0
3012,0
3013,0
3014,0
3015,0
3016,0
3017,0
3018,0
3019,0
3020,1
3021,1
3022,1
3023,0
3024,0
3025,0
3026,0
3027,0
3028,0
3029,0
3030,0
3031,0
3032,0
3033,0
3034,0
3035,0
3036,2
3037,0
3038,0
3039,0
3040,0
3041,1
3042,2
3043,1
3044,6
3045,1
3046,1
3047,0
3048,1
3049,0
3050,0
3051,1
3052,0
3053,0
3054,0
3055,1
3056,0
3057,0
3058,0
3059,0
3060,0
3061,0
3062,5
3063,0
3064,0
3065,0
3066,0
3067,1
3068,0
3069,0
3070,0
3071,0
3072,0
3073,0
3074,0
3075,0
3076,0
3077,0
3078,0
3079,3
3080,8
3081,2
3082,0
3083,0
3084,0
3085,0
3086,1
3087,3
3088,1
3089,0
3090,0
3091,0
3092,0
3093,0
3094,0
3095,0
3096,0
3097,1
3098,0
3099,0
3100,0
3101,0
3102,1
3103,0
3104,0
3105,0
3106,0
3107,0
3108,0
3109,0
3110,0
3111,0
3112,0
3113,0
3114,0
3115,0
3116,0
3117,0
3118,0
3119,0
3120,0
3121,3
3122,0
3123,0
3124,0
3125,0
3126,0
3127,0
3128,0
3129,0
3130,2
3131,0
3132,0
3133,0
3134,0
3135,0
3136,0
3137,4
3138,0
3139,2
3140,0
3141,0
3142,2
3143,1
3144,0
3145,1
3146,13
3147,1
3148,0
3149,2
3150,8
3151,1
3152,0
3153,0
3154,0
3155,0
3156,0
3157,0
3158,0
3159,1
3160,0
3161,0
3162,0
3163,2
3164,11
3165,3
3166,2
3167,0
3168,0
3169,0
3170,0
3171,0
3172,0
3173,0
3174,0
3175,1
3176,1
3177,6
3178,0
3179,0
3180,0
3181,0
3182,0
3183,0
3184,0
3185,0
3186,0
3187,1
3188,0
3189,2
3190,2
3191,2
3192,2
3193,4
3194,1
3195,2
3196,0
3197,0
3198,1
3199,0
3200,0
3201,0
3202,0
3203,0
3204,1
3205,0
3206,0
3207,1
3208,1
3209,0
3210,0
3211,0
3212,0
3213,1
3214,11
3215,0
3216,0
3217,1
3218,1
3219,1
3220,1
3221,0
3222,0
3223,0
3224,1
3225,0
3226,0
3227,0
3228,0
3229,3
3230,0
3231,0
3232,5
3233,11
3234,6
3235,9
3236,8
3237,0
3238,2
3239,10
3240,1
3241,1
3242,0
3243,0
3244,0
3245,5
3246,1
3247,1
3248,3
3249,7
3250,1
3251,4
3252,0
3253,0
3254,0
3255,0
3256,0
3257,5
3258,12
3259,8
3260,18
3261,6
3262,0
3263,1
3264,0
3265,0
3266,1
3267,1
3268,1
3269,0
3270,0
3271,1
3272,0
3273,0
3274,0
3275,1
3276,0
3277,3
3278,0
3279,0
3280,0
3281,2
3282,4
3283,0
3284,0
3285,0
3286,0
3287,0
3288,3
3289,2
3290,6
3291,3
3292,0
3293,3
3294,3
3295,1
3296,3
3297,1
3298,11
3299,8
3300,0
3301,1
3302,0
3303,2
3304,6
3305,0
3306,1
3307,3
3308,0
3309,2
3310,2
3311,2
3312,0
3313,0
3314,0
3315,1
3316,0
3317,1
3318,0
3319,0
3320,0
3321,0
3322,0
3323,1
3324,0
3325,0
3326,1
3327,7
3328,1
3329,0
3330,0
3331,11
3332,12
3333,6
3334,13
3335,6
3336,2
3337,6
3338,3
3339,0
3340,0
3341,3
3342,0
3343,3
3344,4
3345,2
3346,1
3347,1
3348,1
3349,0
3350,0
3351,0
3352,2
3353,1
3354,0
3355,4
3356,2
3357,1
3358,0
3359,0
3360,0
3361,0
3362,0
3363,1
3364,0
3365,0
3366,2
3367,0
3368,0
3369,5
3370,7
3371,13
3372,9
3373,14
3374,4
3375,5
3376,1
3377,0
3378,1
3379,3
3380,3
3381,4
3382,6
3383,7
3384,3
3385,2
3386,1
3387,1
3388,0
3389,1
3390,0
3391,0
3392,0
3393,0
3394,1
3395,0
3396,2
3397,2
3398,0
3399,0
3400,0
3401,0
3402,7
3403,29
3404,2
3405,13
3406,13
3407,6
3408,3
3409,3
3410,8
3411,10
3412,10
3413,7
3414,3
3415,0
3416,0
3417,2
3418,4
3419,7
3420,7
3421,10
3422,0
3423,0
3424,1
3425,4
3426,0
3427,0
3428,0
3429,0
3430,0
3431,0
3432,0
3433,0
3434,1
3435,0
3436,0
3437,1
3438,0
3439,0
3440,0
3441,0
3442,0
3443,19
3444,31
3445,21
3446,10
3447,9
3448,13
3449,5
3450,6
3451,17
3452,4
3453,11
3454,5
3455,5
3456,0
3457,6
3458,10
3459,16
3460,9
3461,2
3462,1
3463,1
3464,1
3465,3
3466,0
3467,0
3468,1
3469,1
3470,0
3471,0
3472,0
3473,0
3474,0
3475,2
3476,0
3477,0
3478,0
3479,3
3480,29
3481,13
3482,6
3483,6
3484,6
3485,6
3486,7
3487,9
3488,5
3489,16
3490,5
3491,12
3492,2
3493,3
3494,9
3495,8
3496,2
3497,10
3498,8
3499,7
3500,2
3501,16
3502,3
3503,1
3504,0
3505,0
3506,1
3507,0
3508,0
3509,0
3510,0
3511,0
3512,2
3513,2
3514,17
3515,12
3516,6
3517,14
3518,13
3519,5
3520,6
3521,14
3522,10
3523,6
3524,13
3525,10
3526,0
3527,7
3528,10
3529,7
3530,7
3531,1
3532,7
3533,3
3534,0
3535,7
3536,0
3537,0
3538,1
3539,3
3540,0
3541,0
3542,0
3543,0
3544,7
3545,11
3546,16
3547,8
3548,31
3549,20
3550,6
3551,12
3552,14
3553,16
3554,15
3555,20
3556,11
3557,8
3558,2
3559,8
3560,8
3561,4
3562,4
3563,2
3564,1
3565,1
3566,2
3567,3
3568,0
3569,0
3570,0
3571,0
3572,0
3573,0
3574,0
3575,0
3576,0
3577,0
3578,0
3579,4
3580,19
3581,9
3582,18
3583,20
3584,10
3585,14
3586,10
3587,2
3588,7
3589,10
3590,13
3591,26
3592,19
3593,4
3594,8
3595,4
3596,4
3597,17
3598,3
3599,2
3600,3
3601,2
3602,3
3603,0
3604,0
3605,0
3606,0
3607,0
3608,0
3609,0
3610,0
3611,0
3612,4
3613,2
3614,1
3615,0
3616,0
3617,0
3618,0
3619,5
3620,11
3621,23
3622,9
3623,7
3624,24
3625,18
3626,39
3627,8
3628,9
3629,18
3630,37
3631,28
3632,17
3633,7
3634,11
3635,14
3636,5
3637,19
3638,4
3639,5
3640,5
3641,11
3642,0
3643,0
3644,0
3645,1
3646,0
3647,0
3648,0
3649,0
3650,0
3651,0
3652,0
3653,0
3654,2
3655,5
3656,0
3657,1
3658,0
3659,0
3660,0
3661,0
3662,0
3663,13
3664,28
3665,19
3666,7
3667,0
3668,5
3669,15
3670,1
3671,2
3672,3
3673,15
3674,12
3675,16
3676,16
3677,2
3678,8
3679,3
3680,8
3681,7
3682,8
3683,1
3684,2
3685,8
3686,0
3687,0
3688,1
3689,2
3690,0
3691,0
3692,1
3693,0
3694,0
3695,0
3696,0
3697,1
3698,0
3699,0
3700,1
3701,0
3702,0
3703,0
3704,11
3705,18
3706,10
3707,6
3708,3
3709,8
3710,12
3711,3
3712,0
3713,2
3714,15
3715,2
3716,6
3717,4
3718,3
3719,8
3720,8
3721,14
3722,6
3723,9
3724,5
3725,11
3726,4
3727,0
3728,0
3729,0
3730,0
3731,0
3732,0
3733,0
3734,0
3735,0
3736,0
3737,0
3738,0
3739,0
3740,2
3741,7
3742,16
3743,5
3744,1
3745,1
3746,7
3747,2
3748,3
3749,5
3750,10
3751,9
3752,7
3753,5
3754,2
3755,6
3756,0
3757,10
3758,8
3759,2
3760,3
3761,6
3762,7
3763,0
3764,0
3765,0
3766,0
3767,4
3768,13
3769,7
3770,7
3771,11
3772,5
3773,1
3774,3
3775,0
3776,9
3777,6
3778,7
3779,9
3780,11
3781,14
3782,11
3783,13
3784,6
3785,8
3786,8
3787,0
3788,1
3789,4
3790,1
3791,0
3792,0
3793,0
3794,0
3795,0
3796,0
3797,1
3798,0
3799,0
3800,4
3801,9
3802,2
3803,4
3804,11
3805,15
3806,5
3807,0
3808,1
3809,20
3810,6
3811,16
3812,12
3813,16
3814,9
3815,5
3816,0
3817,11
3818,9
3819,8
3820,5
3821,2
3822,0
3823,0
3824,0
3825,3
3826,0
3827,0
3828,0
3829,0
3830,0
3831,14
3832,10
3833,9
3834,2
3835,2
3836,8
3837,11
3838,1
3839,5
3840,12
3841,11
3842,23
3843,23
3844,14
3845,5
3846,13
3847,18
3848,3
3849,4
3850,3
3851,13
3852,6
3853,1
3854,0
3855,0
3856,2
3857,1
3858,1
3859,0
3860,0
3861,0
3862,0
3863,0
3864,1
3865,15
3866,13
3867,7
3868,2
3869,2
3870,1
3871,0
3872,0
3873,0
3874,22
3875,14
3876,8
3877,12
3878,7
3879,8
3880,6
3881,8
3882,10
3883,7
3884,11
3885,7
3886,8
3887,8
3888,0
3889,0
3890,0
3891,0
3892,0
3893,1
3894,0
3895,0
3896,0
3897,11
3898,5
3899,5
3900,10
3901,0
3902,0
3903,0
3904,0
3905,2
3906,7
3907,7
3908,12
3909,14
3910,9
3911,8
3912,9
3913,7
3914,8
3915,14
3916,9
3917,7
3918,2
3919,2
3920,0
3921,0
3922,0
3923,0
3924,3
3925,0
3926,0
3927,0
3928,0
3929,0
3930,1
3931,8
3932,7
3933,8
3934,1
3935,0
3936,0
3937,0
3938,0
3939,0
3940,0
3941,3
3942,6
3943,3
3944,6
3945,7
3946,8
3947,7
3948,15
3949,14
3950,4
3951,5
3952,5
3953,0
3954,0
3955,0
3956,0
3957,2
3958,2
3959,0
3960,0
3961,0
3962,0
3963,0
3964,2
3965,10
3966,1
3967,3
3968,0
3969,0
3970,0
3971,0
3972,0
3973,0
3974,12
3975,9
3976,4
3977,7
3978,6
3979,2
3980,3
3981,5
3982,8
3983,5
3984,10
3985,2
3986,5
3987,0
3988,0
3989,0
3990,0
3991,0
3992,0
3993,0
3994,0
3995,6
3996,0
3997,3
3998,8
3999,0
4000,0
4001,1
4002,0
4003,0
4004,1
4005,14
4006,22
4007,10
4008,8
4009,12
4010,15
4011,11
4012,22
4013,13
4014,9
4015,5
4016,11
4017,9
4018,0
4019,1
4020,0
4021,0
4022,2
4023,10
4024,1
4025,0
4026,0
4027,1
4028,0
4029,2
4030,2
4031,4
4032,0
4033,0
4034,0
4035,0
4036,0
4037,1
4038,3
4039,0
4040,0
4041,12
4042,16
4043,8
4044,14
4045,14
4046,25
4047,15
4048,12
4049,15
4050,9
4051,7
4052,5
4053,0
4054,1
4055,0
4056,1
4057,1
4058,1
4059,1
4060,0
4061,0
4062,0
4063,0
4064,0
4065,4
4066,3
4067,6
4068,4
4069,3
4070,1
4071,0
4072,0
4073,0
4074,7
4075,7
4076,9
4077,10
4078,13
4079,6
4080,0
4081,0
4082,0
4083,7
4084,6
4085,7
4086,10
4087,11
4088,5
4089,0
4090,1
4091,0
4092,0
4093,0
4094,0
4095,5
4096,0
4097,0
4098,0
4099,2
4100,0
4101,0
4102,0
4103,0
4104,0
4105,0
4106,3
4107,3
4108,8
4109,1
4110,0
4111,0
4112,0
4113,0
4114,6
4115,9
4116,9
4117,17
4118,18
4119,5
4120,7
4121,5
4122,2
4123,9
4124,21
4125,15
4126,4
4127,8
4128,16
4129,1
4130,0
4131,0
4132,0
4133,0
4134,1
4135,0
4136,0
4137,1
4138,7
4139,0
4140,0
4141,0
4142,0
4143,0
4144,0
4145,0
4146,0
4147,0
4148,4
4149,3
4150,0
4151,0
4152,0
4153,0
4154,0
4155,3
4156,0
4157,13
4158,19
4159,3
4160,1
4161,3
4162,0
4163,13
4164,11
4165,21
4166,22
4167,7
4168,16
4169,19
4170,8
4171,2
4172,2
4173,0
4174,0
4175,0
4176,0
4177,1
4178,0
4179,1
4180,2
4181,4
4182,0
4183,0
4184,0
4185,0
4186,4
4187,0
4188,0
4189,1
4190,0
4191,0
4192,1
4193,0
4194,0
4195,0
4196,0
4197,0
4198,3
4199,2
4200,13
4201,14
4202,8
4203,0
4204,0
4205,0
4206,0
4207,2
4208,4
4209,6
4210,4
4211,18
4212,8
4213,4
4214,0
4215,0
4216,0
4217,0
4218,0
4219,0
4220,0
4221,13
4222,5
4223,0
4224,0
4225,2
4226,3
4227,0
4228,8
4229,2
4230,1
4231,0
4232,0
4233,0
4234,0
4235,0
4236,0
4237,0
4238,0
4239,5
4240,2
4241,2
4242,6
4243,0
4244,0
4245,0
4246,0
4247,12
4248,8
4249,4
4250,3
4251,2
4252,0
4253,2
4254,6
4255,3
4256,0
4257,2
4258,1
4259,0
4260,0
4261,0
4262,0
4263,2
4264,3
4265,4
4266,1
4267,6
4268,0
4269,0
4270,0
4271,1
4272,0
4273,0
4274,0
4275,0
4276,0
4277,0
4278,0
4279,0
4280,0
4281,9
4282,6
4283,6
4284,1
4285,0
4286,0
4287,26
4288,8
4289,5
4290,12
4291,14
4292,7
4293,4
4294,1
4295,4
4296,2
4297,0
4298,0
4299,0
4300,1
4301,3
4302,4
4303,0
4304,0
4305,0
4306,2
4307,1
4308,0
4309,0
4310,0
4311,0
4312,0
4313,0
4314,0
4315,0
4316,0
4317,0
4318,0
4319,0
4320,0
4321,0
4322,0
4323,0
4324,6
4325,3
4326,7
4327,1
4328,0
4329,0
4330,21
4331,2
4332,7
4333,9
4334,4
4335,0
4336,0
4337,0
4338,0
4339,2
4340,3
4341,3
4342,0
4343,0
4344,0
4345,0
4346,0
4347,0
4348,0
4349,0
4350,0
4351,1
4352,0
4353,0
4354,0
4355,1
4356,0
4357,1
4358,1
4359,0
4360,1
4361,1
4362,0
4363,0
4364,0
4365,0
4366,0
4367,10
4368,2
4369,0
4370,9
4371,0
4372,0
4373,0
4374,0
4375,0
4376,1
4377,0
4378,0
4379,0
4380,0
4381,0
4382,1
4383,0
4384,0
4385,0
4386,0
4387,0
4388,0
4389,0
4390,1
4391,0
4392,0
4393,2
4394,0
4395,0
4396,0
4397,0
4398,3
4399,2
4400,2
4401,0
4402,8
4403,1
4404,0
4405,2
4406,0
4407,1
4408,0
4409,0
4410,0
4411,0
4412,0
4413,0
4414,0
4415,1
4416,0
4417,0
4418,0
4419,0
4420,0
4421,2
4422,0
4423,3
4424,0
4425,0
4426,0
4427,0
4428,0
4429,0
4430,0
4431,0
4432,0
4433,0
4434,0
4435,0
4436,0
4437,0
4438,0
4439,0
4440,0
4441,0
4442,0
4443,1
4444,1
4445,0
4446,0
4447,0
4448,0
4449,1
4450,0
4451,1
4452,2
4453,2
4454,2
4455,0
4456,0
4457,0
4458,0
4459,0
4460,0
4461,0
4462,0
4463,0
4464,0
4465,0
4466,0
4467,1
4468,0
4469,0
4470,0
4471,0
4472,1
4473,0
4474,0
4475,0
4476,0
4477,0
4478,0
4479,0
4480,0
4481,0
4482,3
4483,3
4484,4
4485,0
4486,0
4487,1
4488,0
4489,0
4490,0
4491,0
4492,2
4493,0
4494,0
4495,0
4496,0
4497,0
4498,0
4499,0
4500,0
4501,0
4502,0
4503,0
4504,0
4505,1
4506,0
4507,0
4508,0
4509,0
4510,1
4511,0
4512,0
4513,0
4514,0
4515,2
4516,1
4517,0
4518,0
4519,2
4520,1
4521,0
4522,0
4523,0
4524,0
4525,0
4526,0
4527,0
4528,0
4529,0
4530,0
4531,0
4532,0
4533,5
4534,8
4535,3
4536,5
4537,4
4538,1
4539,0
4540,0
4541,0
4542,0
4543,0
4544,0
4545,1
4546,2
4547,2
4548,0
4549,0
4550,0
4551,2
4552,0
4553,0
4554,0
4555,0
4556,0
4557,0
4558,10
4559,5
4560,2
4561,1
4562,0
4563,0
4564,3
4565,2
4566,0
4567,0
4568,0
4569,0
4570,0
4571,0
4572,0
4573,0
4574,0
4575,0
4576,0
4577,0
4578,7
4579,0
4580,0
4581,0
4582,0
4583,0
4584,0
4585,0
4586,0
4587,0
4588,0
4589,0
4590,0
4591,0
4592,0
4593,0
4594,0
4595,1
4596,1
4597,0
4598,0
4599,1
4600,0
4601,0
4602,2
4603,0
4604,0
4605,0
4606,0
4607,0
4608,5
4609,1
4610,0
4611,0
4612,1
4613,1
4614,2
4615,0
4616,0
4617,0
4618,0
4619,0
4620,0
4621,0
4622,7
4623,2
4624,0
4625,1
4626,1
4627,0
4628,0
4629,0
4630,0
4631,0
4632,0
4633,3
4634,0
4635,0
4636,0
4637,2
4638,0
4639,1
4640,16
4641,7
4642,2
4643,3
4644,1
4645,1
4646,2
4647,0
4648,0
4649,5
4650,0
4651,2
4652,0
4653,0
4654,2
4655,1
4656,0
4657,0
4658,1
4659,4
4660,0
4661,0
4662,0
4663,0
4664,0
4665,5
4666,1
4667,0
4668,0
4669,1
4670,0
4671,0
4672,0
4673,0
4674,1
4675,2
4676,5
4677,0
4678,1
4679,1
4680,0
4681,0
4682,3
4683,1
4684,2
4685,0
4686,0
4687,0
4688,0
4689,0
4690,0
4691,0
4692,1
4693,0
4694,1
4695,1
4696,2
4697,0
4698,0
4699,0
4700,1
4701,2
4702,1
4703,0
4704,0
4705,0
4706,0
4707,0
4708,0
4709,3
4710,0
4711,0
4712,0
4713,0
4714,0
4715,0
4716,0
4717,0
4718,0
4719,0
4720,0
4721,0
4722,0
4723,0
4724,0
4725,0
4726,0
4727,0
4728,0
4729,0
4730,0
4731,0
4732,0
4733,0
4734,0
4735,2
4736,0
4737,0
4738,0
4739,0
4740,0
4741,0
4742,0
4743,0
4744,0
4745,1
4746,0
4747,0
4748,0
4749,0
4750,0
4751,0
4752,1
4753,0
4754,0
4755,0
4756,0
4757,8
4758,3
4759,3
4760,0
4761,0
4762,1
4763,0
4764,0
4765,0
4766,1
4767,0
4768,0
4769,0
4770,0
4771,0
4772,0
4773,0
4774,2
4775,5
4776,0
4777,0
4778,0
4779,0
4780,0
4781,0
4782,0
4783,0
4784,0
4785,2
4786,0
4787,0
4788,0
4789,0
4790,0
4791,0
4792,0
4793,0
4794,1
4795,0
4796,0
4797,0
4798,0
4799,0
4800,0
4801,0
4802,0
4803,0
4804,0
4805,0
4806,0
4807,0
4808,0
4809,0
4810,0
4811,0
4812,0
4813,0
4814,0
4815,0
4816,0
4817,0
4818,0
4819,0
4820,0
4821,0
4822,0
4823,0
4824,0
4825,0
4826,0
4827,0
4828,0
4829,0
4830,0
4831,1
4832,1
4833,0
4834,0
4835,0
4836,0
4837,1
4838,1
4839,1
4840,0
4841,0
4842,0
4843,1
4844,2
4845,0
4846,0
4847,0
4848,2
4849,5
4850,0
4851,0
4852,0
4853,0
4854,0
4855,0
4856,0
4857,0
4858,1
4859,0
4860,0
4861,0
4862,4
4863,0
4864,0
4865,0
4866,1
4867,0
4868,0
4869,0
4870,0
4871,0
4872,0
4873,0
4874,0
4875,0
4876,0
4877,0
4878,0
4879,0
4880,0
4881,0
4882,2
4883,1
4884,1
4885,0
4886,0
4887,0
4888,0
4889,0
4890,3
4891,1
4892,0
4893,1
4894,9
4895,1
4896,6
4897,10
4898,2
4899,0
4900,0
4901,0
4902,0
4903,0
4904,0
4905,1
4906,8
4907,1
4908,0
4909,0
4910,0
4911,0
4912,0
4913,0
4914,0
4915,0
4916,0
4917,0
4918,1
4919,0
4920,0
4921,0
4922,0
4923,0
4924,3
4925,0
4926,0
4927,0
4928,6
4929,3
4930,0
4931,1
4932,1
4933,2
4934,0
4935,5
4936,0
4937,1
4938,0
4939,0
4940,0
4941,1
4942,0
4943,4
4944,7
4945,9
4946,0
4947,0
4948,0
4949,0
4950,13
4951,9
4952,8
4953,1
4954,6
4955,14
4956,7
4957,0
4958,0
4959,0
4960,0
4961,0
4962,2
4963,0
4964,0
4965,3
4966,3
4967,7
4968,3
4969,5
4970,20
4971,12
4972,13
4973,0
4974,2
4975,1
4976,1
4977,2
4978,0
4979,0
4980,0
4981,0
4982,0
4983,0
4984,5
4985,3
4986,9
4987,1
4988,5
4989,6
4990,5
4991,13
4992,4
4993,8
4994,1
4995,0
4996,1
4997,6
4998,2
4999,0
5000,0
5001,0
5002,1
5003,0
5004,0
5005,0
5006,1
5007,0
5008,6
5009,17
5010,6
5011,7
5012,6
5013,3
5014,2
5015,5
5016,2
5017,0
5018,1
5019,0
5020,2
5021,0
5022,0
5023,0
5024,2
5025,4
5026,0
5027,0
5028,0
5029,5
5030,2
5031,1
5032,0
5033,1
5034,1
5035,0
5036,2
5037,2
5038,0
5039,0
5040,0
5041,0
5042,2
5043,8
5044,1
5045,0
5046,0
5047,8
5048,1
5049,0
5050,0
5051,0
5052,0
5053,0
5054,0
5055,0
5056,0
5057,0
5058,0
5059,0
5060,0
5061,0
5062,1
5063,0
5064,0
5065,0
5066,0
5067,0
5068,2
5069,0
5070,0
5071,0
5072,0
5073,1
5074,0
5075,0
5076,0
5077,0
5078,0
5079,0
5080,0
5081,0
5082,0
5083,1
5084,1
5085,0
5086,1
5087,0
5088,1
5089,0
5090,0
5091,0
5092,0
5093,0
5094,2
5095,0
5096,0
5097,0
5098,0
5099,2
5100,0
5101,0
5102,1
5103,2
5104,1
5105,0
5106,0
5107,0
5108,0
5109,0
5110,1
5111,0
5112,0
5113,0
5114,5
5115,0
5116,0
5117,1
5118,0
5119,0
5120,3
5121,0
5122,0
5123,0
5124,0
5125,0
5126,2
5127,0
5128,0
5129,0
5130,0
5131,0
5132,0
5133,0
5134,1
5135,0
5136,0
5137,0
5138,0
5139,0
5140,0
5141,0
5142,1
5143,2
5144,0
5145,0
5146,0
5147,0
5148,0
5149,0
5150,0
5151,0
5152,0
5153,0
5154,0
5155,0
5156,0
5157,0
5158,0
5159,0
5160,0
5161,0
5162,0
5163,2
5164,0
5165,3
5166,0
5167,1
5168,0
5169,0
5170,3
5171,0
5172,0
5173,0
5174,1
5175,0
5176,0
5177,0
5178,0
5179,0
5180,2
5181,1
5182,7
5183,6
5184,7
5185,4
5186,1
5187,1
5188,2
5189,0
5190,0
5191,0
5192,0
5193,0
5194,0
5195,1
5196,10
5197,0
5198,0
5199,9
5200,7
5201,0
5202,0
5203,0
5204,2
5205,0
5206,0
5207,0
5208,0
5209,0
5210,0
5211,1
5212,1
5213,0
5214,0
5215,0
5216,0
5217,0
5218,0
5219,2
5220,0
5221,1
5222,1
5223,2
5224,0
5225,0
5226,0
5227,0
5228,0
5229,0
5230,1
5231,0
5232,0
5233,0
5234,0
5235,0
5236,0
5237,0
5238,0
5239,0
5240,0
5241,0
5242,0
5243,0
5244,0
5245,0
5246,1
5247,0
5248,1
5249,0
5250,0
5251,0
5252,0
5253,0
5254,0
5255,0
5256,0
5257,0
5258,0
5259,1
5260,0
5261,1
5262,0
5263,0
5264,2
5265,0
5266,0
5267,1
5268,0
5269,0
5270,0
5271,1
5272,1
5273,0
5274,4
5275,5
5276,1
5277,0
5278,0
5279,0
5280,0
5281,1
5282,0
5283,1
5284,0
5285,0
5286,0
5287,1
5288,0
5289,0
5290,0
5291,0
5292,0
5293,0
5294,0
5295,0
5296,0
5297,0
5298,0
5299,0
5300,0
5301,0
5302,0
5303,0
5304,0
5305,0
5306,1
5307,1
5308,0
5309,0
5310,0
5311,0
5312,0
5313,0
5314,0
5315,1
5316,0
5317,0
5318,0
5319,0
5320,0
5321,0
5322,5
5323,0
5324,0
5325,0
5326,0
5327,0
5328,0
5329,1
5330,0
5331,0
5332,0
5333,2
5334,1
5335,0
5336,0
5337,0
5338,1
5339,1
5340,0
5341,0
5342,0
5343,8
5344,5
5345,0
5346,0
5347,0
5348,3
5349,8
5350,1
5351,0
5352,0
5353,1
5354,5
5355,4
5356,0
5357,0
5358,0
5359,2
5360,0
5361,0
5362,2
5363,0
5364,0
5365,0
5366,0
5367,0
5368,0
5369,0
5370,0
5371,0
5372,8
5373,15
5374,13
5375,0
5376,0
5377,5
5378,0
5379,2
5380,2
5381,2
5382,0
5383,0
5384,0
5385,0
5386,1
5387,0
5388,0
5389,0
5390,0
5391,1
5392,1
5393,0
5394,0
5395,0
5396,1
5397,2
5398,6
5399,3
5400,0
5401,0
5402,0
5403,1
5404,0
5405,0
5406,0
5407,1
5408,0
5409,0
5410,0
5411,0
5412,1
5413,0
5414,3
5415,0
5416,0
5417,0
5418,1
5419,0
5420,0
5421,0
5422,0
5423,1
5424,0
5425,0
5426,0
5427,0
5428,0
5429,1
5430,5
5431,0
5432,3
5433,2
5434,0
5435,0
5436,0
5437,0
5438,0
5439,0
5440,0
5441,0
5442,0
5443,0
5444,0
5445,10
5446,5
5447,12
5448,3
5449,0
5450,0
5451,0
5452,0
5453,0
5454,0
5455,0
5456,0
5457,5
5458,6
5459,0
5460,0
5461,0
5462,2
5463,2
5464,6
5465,0
5466,0
5467,5
5468,0
5469,0
5470,0
5471,1
5472,0
5473,0
5474,0
5475,0
5476,0
5477,0
5478,0
5479,0
5480,0
5481,0
5482,1
5483,1
5484,0
5485,0
5486,1
5487,4
5488,0
5489,0
5490,0
5491,0
5492,0
5493,4
5494,2
5495,0
5496,0
5497,1
5498,0
5499,1
5500,0
5501,0
5502,0
5503,0
5504,0
5505,0
5506,0
5507,0
5508,0
5509,0
5510,7
5511,0
5512,0
5513,0
5514,0
5515,1
5516,0
5517,0
5518,0
5519,0
5520,0
5521,0
5522,0
5523,0
5524,0
5525,0
5526,0
5527,0
5528,0
5529,0
5530,0
5531,1
5532,0
5533,0
5534,0
5535,0
5536,0
5537,0
5538,0
5539,0
5540,0
5541,0
5542,1
5543,0
5544,0
5545,0
5546,0
5547,0
5548,0
5549,0
5550,0
5551,1
5552,2
5553,4
5554,0
5555,0
5556,0
5557,2
5558,5
5559,18
5560,9
5561,3
5562,0
5563,2
5564,0
5565,0
5566,1
5567,0
5568,2
5569,1
5570,4
5571,2
5572,0
5573,1
5574,0
5575,0
5576,0
5577,0
5578,2
5579,0
5580,0
5581,6
5582,4
5583,7
5584,1
5585,0
5586,0
5587,0
5588,0
5589,0
5590,0
5591,1
5592,0
5593,0
5594,0
5595,0
5596,4
5597,0
5598,1
5599,0
5600,3
5601,0
5602,0
5603,0
5604,0
5605,0
5606,0
5607,0
5608,0
5609,0
5610,1
5611,0
5612,0
5613,2
5614,0
5615,0
5616,0
5617,0
5618,1
5619,1
5620,0
5621,0
5622,0
5623,0
5624,0
5625,0
5626,0
5627,0
5628,0
5629,0
5630,1
5631,5
5632,8
5633,0
5634,0
5635,2
5636,2
5637,2
5638,0
5639,0
5640,0
5641,0
5642,0
5643,0
5644,0
5645,3
5646,1
5647,0
5648,0
5649,0
5650,0
5651,2
5652,1
5653,0
5654,0
5655,0
5656,3
5657,0
5658,2
5659,0
5660,0
5661,0
5662,0
5663,0
5664,0
5665,0
5666,5
5667,1
5668,0
5669,0
5670,0
5671,1
5672,1
5673,0
5674,0
5675,0
5676,0
5677,2
5678,0
5679,0
5680,0
5681,0
5682,0
5683,0
5684,0
5685,0
5686,4
5687,0
5688,0
5689,0
5690,0
5691,0
5692,0
5693,2
5694,1
5695,0
5696,0
5697,0
5698,0
5699,0
5700,0
5701,0
5702,0
5703,0
5704,0
5705,0
5706,0
5707,0
5708,0
5709,0
5710,0
5711,0
5712,0
5713,0
5714,1
5715,0
5716,0
5717,0
5718,0
5719,0
5720,0
5721,0
5722,0
5723,0
5724,0
5725,1
5726,0
5727,0
5728,0
5729,1
5730,0
5731,0
5732,0
5733,0
5734,0
5735,2
5736,3
5737,0
5738,0
5739,0
5740,0
5741,0
5742,0
5743,0
5744,1
5745,3
5746,2
5747,0
5748,0
5749,0
5750,0
5751,0
5752,0
5753,0
5754,1
5755,0
5756,0
5757,0
5758,0
5759,1
5760,0
5761,0
5762,1
5763,0
5764,0
5765,0
5766,0
5767,0
5768,0
5769,0
5770,0
5771,0
5772,0
5773,0
5774,0
5775,1
5776,0
5777,0
5778,0
5779,0
5780,0
5781,0
5782,23
5783,0
5784,0
5785,0
5786,0
5787,2
5788,3
5789,0
5790,0
5791,0
5792,0
5793,10
5794,4
5795,0
5796,0
5797,0
5798,4
5799,5
5800,0
5801,0
5802,0
5803,0
5804,0
5805,0
5806,0
5807,0
5808,0
5809,1
5810,0
5811,0
5812,0
5813,0
5814,0
5815,0
5816,0
5817,0
5818,0
5819,0
5820,0
5821,1
5822,5
5823,0
5824,0
5825,0
5826,4
5827,0
5828,0
5829,1
5830,0
5831,0
5832,0
5833,1
5834,0
5835,0
5836,1
5837,0
5838,0
5839,1
5840,0
5841,10
5842,0
5843,0
5844,0
5845,0
5846,1
5847,0
5848,1
5849,1
5850,0
5851,0
5852,1
5853,0
5854,0
5855,0
5856,0
5857,2
5858,0
5859,0
5860,0
5861,2
5862,0
5863,6
5864,4
5865,0
5866,1
5867,0
5868,1
5869,0
5870,1
5871,0
5872,0
5873,0
5874,4
5875,14
5876,0
5877,1
5878,0
5879,3
5880,5
5881,6
5882,5
5883,4
5884,1
5885,0
5886,3
5887,1
5888,0
5889,0
5890,1
5891,2
5892,5
5893,28
5894,15
5895,9
5896,6
5897,0
5898,0
5899,3
5900,0
5901,0
5902,0
5903,22
5904,18
5905,15
5906,3
5907,8
5908,2
5909,0
5910,0
5911,5
5912,0
5913,0
5914,0
5915,13
5916,1
5917,9
5918,2
5919,2
5920,0
5921,0
5922,0
5923,1
5924,7
5925,0
5926,0
5927,3
5928,0
5929,0
5930,0
5931,0
5932,0
5933,12
5934,26
5935,0
5936,0
5937,0
5938,3
5939,0
5940,0
5941,0
5942,0
5943,0
5944,0
5945,5
5946,0
5947,0
5948,1
5949,4
5950,0
5951,2
5952,0
5953,0
5954,1
5955,1
5956,0
5957,0
5958,0
5959,0
5960,1
5961,0
5962,0
5963,0
5964,0
5965,0
5966,0
5967,0
5968,0
5969,0
5970,0
5971,0
5972,0
5973,1
5974,1
5975,0
5976,0
5977,0
5978,0
5979,0
5980,0
5981,0
5982,0
5983,0
5984,1
5985,1
5986,0
5987,0
5988,0
5989,0
5990,0
5991,0
5992,1
5993,1
5994,1
5995,0
5996,0
5997,7
5998,0
5999,0
6000,0
6001,2
6002,0
6003,0
6004,0
6005,0
6006,1
6007,0
6008,1
6009,0
6010,0
6011,3
6012,0
6013,0
6014,0
6015,0
6016,0
6017,3
6018,2
6019,0
6020,0
6021,0
6022,0
6023,0
6024,0
6025,0
6026,0
6027,0
6028,0
6029,0
6030,0
6031,0
6032,0
6033,4
6034,0
6035,0
6036,0
6037,0
6038,0
6039,1
6040,0
6041,4
6042,0
6043,3
6044,0
6045,2
6046,0
6047,0
6048,1
6049,0
6050,0
6051,1
6052,0
6053,8
6054,20
6055,11
6056,0
6057,0
6058,2
6059,1
6060,0
6061,0
6062,0
6063,21
6064,8
6065,0
6066,0
6067,0
6068,0
6069,0
6070,0
6071,0
6072,0
6073,0
6074,0
6075,0
6076,0
6077,0
6078,0
6079,1
6080,0
6081,0
6082,0
6083,0
6084,0
6085,0
6086,0
6087,0
6088,0
6089,0
6090,0
6091,0
6092,0
6093,0
6094,1
6095,0
6096,0
6097,0
6098,0
6099,0
6100,0
6101,0
6102,0
6103,0
6104,0
6105,0
6106,0
6107,0
6108,0
6109,0
6110,0
6111,0
6112,0
6113,0
6114,0
6115,0
6116,1
6117,0
6118,1
6119,4
6120,4
6121,0
6122,0
6123,0
6124,0
6125,0
6126,3
6127,0
6128,1
6129,2
6130,0
6131,0
6132,0
6133,0
6134,0
6135,0
6136,0
6137,7
6138,25
6139,5
6140,0
6141,0
6142,0
6143,13
6144,15
6145,8
6146,15
6147,0
6148,0
6149,2
6150,14
6151,1
6152,4
6153,3
6154,0
6155,0
6156,0
6157,0
6158,0
6159,1
6160,0
6161,0
6162,1
6163,5
6164,0
6165,1
6166,26
6167,1
6168,1
6169,0
6170,0
6171,1
6172,0
6173,0
6174,1
6175,0
6176,18
6177,26
6178,9
6179,0
6180,0
6181,0
6182,0
6183,0
6184,0
6185,6
6186,31
6187,13
6188,7
6189,17
6190,3
6191,13
6192,0
6193,6
6194,7
6195,18
6196,23
6197,1
6198,0
6199,5
6200,0
6201,0
6202,0
6203,0
6204,6
6205,9
6206,6
6207,9
6208,8
6209,15
6210,9
6211,1
6212,2
6213,0
6214,1
6215,1
6216,0
6217,1
6218,5
6219,14
6220,16
6221,32
6222,7
6223,21
6224,27
6225,2
6226,5
6227,3
6228,0
6229,1
6230,0
6231,4
6232,9
6233,10
6234,13
6235,10
6236,12
6237,16
6238,16
6239,0
6240,0
6241,2
6242,2
6243,3
6244,12
6245,9
6246,7
6247,4
6248,0
6249,0
6250,0
6251,1
6252,0
6253,0
6254,0
6255,0
6256,0
6257,2
6258,2
6259,1
6260,0
6261,0
6262,0
6263,4
6264,1
6265,0
6266,0
6267,0
6268,0
6269,0
6270,1
6271,0
6272,0
6273,0
6274,0
6275,4
6276,0
6277,3
6278,1
6279,0
6280,0
6281,0
6282,0
6283,0
6284,0
6285,0
6286,0
6287,0
6288,3
6289,0
6290,0
6291,1
6292,0
6293,0
6294,0
6295,0
6296,0
6297,0
6298,0
6299,0
6300,0
6301,0
6302,2
6303,0
6304,0
6305,0
6306,12
6307,9
6308,0
6309,0
6310,1
6311,0
6312,0
6313,0
6314,0
6315,0
6316,7
6317,0
6318,0
6319,3
6320,7
6321,4
6322,0
6323,0
6324,0
6325,10
6326,14
6327,0
6328,0
6329,3
6330,0
6331,0
6332,0
6333,4
6334,0
6335,0
6336,0
6337,0
6338,0
6339,0
6340,0
6341,1
6342,1
6343,0
6344,0
6345,0
6346,1
6347,0
6348,0
6349,0
6350,0
6351,0
6352,0
6353,0
6354,0
6355,0
6356,0
6357,0
6358,0
6359,0
6360,3
6361,0
6362,0
6363,0
6364,1
6365,0
6366,0
6367,0
6368,2
6369,3
6370,5
6371,2
6372,0
6373,0
6374,0
6375,0
6376,0
6377,0
6378,0
6379,9
6380,13
6381,17
6382,7
6383,1
6384,0
6385,0
6386,0
6387,7
6388,5
6389,0
6390,1
6391,1
6392,0
6393,0
6394,0
6395,0
6396,0
6397,0
6398,0
6399,0
6400,0
6401,0
6402,0
6403,0
6404,0
6405,1
6406,0
6407,0
6408,0
6409,0
6410,0
6411,0
6412,0
6413,0
6414,0
6415,0
6416,0
6417,0
6418,2
6419,2
6420,0
6421,0
6422,0
6423,0
6424,4
6425,0
6426,0
6427,0
6428,0
6429,1
6430,1
6431,0
6432,0
6433,2
6434,6
6435,0
6436,4
6437,0
6438,0
6439,0
6440,0
6441,0
6442,0
6443,0
6444,1
6445,0
6446,0
6447,0
6448,0
6449,1
6450,0
6451,0
6452,0
6453,0
6454,4
6455,0
6456,0
6457,0
6458,0
6459,0
6460,0
6461,0
6462,0
6463,0
6464,0
6465,1
6466,0
6467,0
6468,0
6469,0
6470,0
6471,3
6472,0
6473,5
6474,0
6475,0
6476,0
6477,1
6478,0
6479,0
6480,0
6481,1
6482,0
6483,0
6484,0
6485,0
6486,0
6487,1
6488,0
6489,0
6490,0
6491,0
6492,0
6493,4
6494,1
6495,0
6496,1
6497,0
6498,0
6499,0
6500,0
6501,0
6502,0
6503,4
6504,9
6505,16
6506,11
6507,8
6508,1
6509,1
6510,4
6511,0
6512,0
6513,0
6514,1
6515,0
6516,0
6517,0
6518,3
6519,3
6520,5
6521,10
6522,13
6523,0
6524,0
6525,0
6526,0
6527,0
6528,3
6529,11
6530,10
6531,0
6532,0
6533,0
6534,0
6535,0
6536,2
6537,15
6538,0
6539,4
6540,0
6541,2
6542,0
6543,1
6544,5
6545,1
6546,0
6547,0
6548,0
6549,0
6550,0
6551,0
6552,0
6553,0
6554,0
6555,0
6556,0
6557,0
6558,0
6559,0
6560,0
6561,1
6562,0
6563,0
6564,0
6565,0
6566,0
6567,0
6568,0
6569,0
6570,0
6571,1
6572,6
6573,2
6574,0
6575,0
6576,0
6577,0
6578,0
6579,0
6580,0
6581,0
6582,9
6583,1
6584,0
6585,2
6586,0
6587,1
6588,0
6589,0
6590,0
6591,0
6592,2
6593,0
6594,0
6595,0
6596,3
6597,0
6598,3
6599,0
6600,0
6601,0
6602,0
6603,0
6604,0
6605,0
6606,0
6607,0
6608,0
6609,0
6610,0
6611,0
6612,0
6613,0
6614,0
6615,0
6616,0
6617,2
6618,0
6619,0
6620,0
6621,0
6622,0
6623,0
6624,3
6625,0
6626,0
6627,0
6628,0
6629,0
6630,0
6631,0
6632,0
6633,0
6634,0
6635,0
6636,0
6637,0
6638,0
6639,2
6640,0
6641,0
6642,0
6643,0
6644,0
6645,0
6646,3
6647,1
6648,11
6649,0
6650,8
6651,6
6652,4
6653,0
6654,5
6655,5
6656,6
6657,0
6658,0
6659,0
6660,0
6661,1
6662,5
6663,4
6664,0
6665,0
6666,0
6667,0
6668,0
6669,0
6670,1
6671,0
6672,0
6673,0
6674,0
6675,2
6676,0
6677,0
6678,2
6679,0
6680,0
6681,0
6682,0
6683,0
6684,5
6685,12
6686,10
6687,0
6688,0
6689,1
6690,1
6691,0
6692,1
6693,0
6694,0
6695,4
6696,14
6697,4
6698,0
6699,0
6700,25
6701,7
6702,6
6703,0
6704,2
6705,3
6706,1
6707,1
6708,0
6709,0
6710,0
6711,1
6712,1
6713,0
6714,0
6715,0
6716,0
6717,0
6718,0
6719,8
6720,1
6721,0
6722,0
6723,0
6724,2
6725,0
6726,0
6727,0
6728,0
6729,6
6730,0
6731,2
6732,0
6733,3
6734,0
6735,0
6736,1
6737,1
6738,4
6739,3
6740,0
6741,9
6742,4
6743,0
6744,0
6745,0
6746,0
6747,2
6748,2
6749,0
6750,2
6751,0
6752,2
6753,0
6754,0
6755,1
6756,2
6757,0
6758,0
6759,1
6760,1
6761,0
6762,0
6763,0
6764,0
6765,0
6766,0
6767,0
6768,0
6769,1
6770,0
6771,0
6772,0
6773,0
6774,0
6775,0
6776,0
6777,0
6778,0
6779,0
6780,0
6781,0
6782,0
6783,1
6784,0
6785,0
6786,0
6787,1
6788,0
6789,1
6790,5
6791,0
6792,0
6793,0
6794,0
6795,0
6796,0
6797,0
6798,2
6799,0
6800,0
6801,0
6802,0
6803,0
6804,1
6805,2
6806,0
6807,0
6808,1
6809,0
6810,0
6811,0
6812,2
6813,8
6814,2
6815,2
6816,1
6817,6
6818,4
6819,0
6820,0
6821,0
6822,0
6823,0
6824,3
6825,0
6826,17
6827,12
6828,8
6829,0
6830,3
6831,0
6832,2
6833,0
6834,0
6835,0
6836,0
6837,0
6838,6
6839,6
6840,23
6841,14
6842,3
6843,5
6844,16
6845,17
6846,2
6847,1
6848,1
6849,0
6850,0
6851,0
6852,0
6853,0
6854,1
6855,0
6856,0
6857,0
6858,0
6859,17
6860,20
6861,9
6862,10
6863,12
6864,44
6865,8
6866,2
6867,0
6868,0
6869,1
6870,0
6871,3
6872,4
6873,16
6874,12
6875,0
6876,0
6877,0
6878,0
6879,3
6880,10
6881,6
6882,28
6883,15
6884,15
6885,12
6886,3
6887,0
6888,0
6889,0
6890,0
6891,0
6892,0
6893,3
6894,5
6895,2
6896,18
6897,7
6898,3
6899,0
6900,0
6901,13
6902,11
6903,4
6904,21
6905,11
6906,10
6907,6
6908,0
6909,3
6910,0
6911,2
6912,0
6913,0
6914,1
6915,0
6916,1
6917,12
6918,6
6919,0
6920,0
6921,1
6922,5
6923,0
6924,0
6925,0
6926,1
6927,0
6928,0
6929,3
6930,0
6931,0
6932,1
6933,0
6934,1
6935,7
6936,2
6937,0
6938,0
6939,0
6940,0
6941,2
6942,0
6943,1
6944,0
6945,1
6946,0
6947,0
6948,0
6949,1
6950,0
6951,0
6952,1
6953,0
6954,0
6955,0
6956,9
6957,0
6958,0
6959,7
6960,1
6961,0
6962,0
6963,0
6964,0
6965,0
6966,0
6967,1
6968,0
6969,0
6970,2
6971,0
6972,0
6973,1
6974,0
6975,0
6976,0
6977,0
6978,0
6979,3
6980,0
6981,0
6982,8
6983,21
6984,14
6985,5
6986,0
6987,0
6988,2
6989,0
6990,0
6991,0
6992,0
6993,0
6994,3
6995,19
6996,0
6997,13
6998,22
6999,8
7000,10
7001,2
7002,13
7003,10
7004,0
7005,0
7006,1
7007,4
7008,0
7009,0
7010,3
7011,13
7012,0
7013,0
7014,1
7015,1
7016,11
7017,0
7018,0
7019,5
7020,4
7021,2
7022,0
7023,2
7024,2
7025,0
7026,0
7027,0
7028,0
7029,0
7031,0
7032,4
7033,17
7034,10
7035,9
7036,0
7037,10
7038,16
7039,0
7040,0
7041,1
7042,0
7043,0
7044,0
7045,0
7046,0
7047,4
7048,8
7049,18
7050,14
7051,0
7052,0
7053,8
7054,4
7055,0
7056,0
7057,0
7058,1
7059,5
7060,5
7061,0
7062,0
7063,0
7064,4
7065,1
7066,0
7067,0
7068,0
7069,0
7070,4
7071,0
7072,0
7073,0
7074,0
7075,13
7076,5
7077,3
7078,0
7079,0
7080,0
7081,19
7082,0
7083,0
7084,0
7085,5
7086,1
7087,0
7088,0
7089,0
7090,0
7091,5
7092,10
7093,18
7094,11
7095,1
7096,0
7097,3
7098,6
7099,0
7100,4
7101,0
7102,0
7103,1
7104,0
7105,0
7106,0
7107,0
7108,0
7109,18
7110,17
7111,13
7112,17
7113,0
7114,0
7115,4
7116,15
7117,0
7118,4
7119,0
7120,0
7121,0
7122,0
7123,21
7124,18
7125,12
7126,27
7127,1
7128,1
7129,5
7130,7
7131,4
7132,0
7133,0
7134,0
7135,3
7136,1
7137,0
7138,0
7139,0
7140,2
7141,16
7142,18
7143,7
7144,7
7145,6
7146,10
7147,7
7148,8
7149,0
7150,0
7151,0
7152,0
7153,4
7154,0
7155,1
7156,0
7157,0
7158,0
7159,1
7160,0
7161,0
7162,0
7163,8
7164,9
7165,15
7166,6
7167,8
7168,4
7169,4
7170,0
7171,0
7172,0
7173,0
7174,2
7175,3
7176,0
7177,0
7178,0
7179,2
7180,0
7181,0
7182,0
7183,2
7184,0
7185,0
7186,6
7187,10
7188,11
7189,14
7190,0
7191,7
7192,9
7193,6
7194,1
7195,0
7196,0
7197,0
7198,0
7199,2
7200,5
7201,8
7202,30
7203,4
7204,0
7205,0
7206,0
7207,10
7208,7
7209,9
7210,1
7211,0
7212,10
7213,5
7214,0
7215,2
7216,24
7217,0
7218,8
7219,4
7220,5
7221,4
7222,0
7223,0
7224,3
7225,0
7226,0
7227,2
7228,4
7229,0
7230,0
7231,35
7232,15
7233,3
7234,4
7235,4
7236,2
7237,0
7238,0
7239,0
7240,3
7241,0
7242,0
7243,0
7244,5
7245,0
7246,0
7247,16
7248,8
7249,4
7250,0
7251,0
7252,0
7253,1
7254,0
7255,0
7256,0
7257,0
7258,0
7259,0
7260,0
7261,0
7262,0
7263,0
7264,1
7265,0
7266,0
7267,1
7268,0
7269,0
7270,0
7271,1
7272,0
7273,1
7274,1
7275,0
7276,0
7277,0
7278,5
7279,2
7280,0
7281,1
7282,0
7283,0
7284,0
7285,0
7286,6
7287,9
7288,0
7289,0
7290,1
7291,0
7292,0
7293,5
7294,9
7295,0
7296,2
7297,1
7298,0
7299,0
7300,0
7301,12
7302,3
7303,3
7304,1
7305,0
7306,0
7307,0
7308,7
7309,6
7310,0
7311,0
7312,0
7313,0
7314,2
7315,15
7316,0
7317,0
7318,0
7319,0
7320,11
7321,12
7322,4
7323,0
7324,0
7325,0
7326,0
7327,20
7328,11
7329,1
7330,0
7331,1
7332,0
7333,0
7334,12
7335,14
7336,1
7337,1
7338,0
7339,0
7340,0
7341,0
7342,8
7343,0
7344,15
7345,0
7346,0
7347,0
7348,8
7349,4
7350,0
7351,0
7352,0
7353,0
7354,19
7355,0
7356,0
7357,0
7358,7
7359,9
7360,0
7361,0
7362,5
7363,0
7364,13
7365,0
7366,0
7367,2
7368,0
7369,0
7370,0
7371,0
7372,16
7373,27
7374,1
7375,0
7376,0
7377,0
7378,5
7379,0
7380,1
7381,6
7382,16
7383,31
7384,2
7385,4
7386,0
7387,10
7388,18
7389,45
7390,4
7391,0
7392,0
7393,0
7394,1
7395,0
7396,7
7397,10
7398,4
7399,0
7400,2
7401,20
7402,5
7403,0
7404,0
7405,10
7406,13
7407,0
7408,0
7409,0
7410,1
7411,1
7412,0
7413,5
7414,1
7415,3
7416,6
7417,3
7418,0
7419,0
7420,0
7421,0
7423,0
7424,12
7425,10
7426,0
7428,0
7429,0
7430,0
7431,0
7432,0
7433,0
7434,1
7435,0
7436,0
7437,0
7438,0
7439,0
7440,8
7441,0
7442,0
7443,0
7444,4
7445,0
7446,0
7447,0
7448,0
7449,0
7450,0
7451,0
7452,0
7453,0
7454,1
7455,0
7456,6
7457,20
7458,8
7459,0
7460,1
7461,0
7462,0
7463,0
7464,0
7465,0
7466,3
7467,0
7468,0
7469,6
7470,24
7471,9
7472,0
7473,0
7474,1
7475,1
7476,12
7477,4
7478,0
7479,0
7480,10
7481,12
7482,0
7483,0
7484,0
7485,1
7486,0
7487,3
7488,3
7489,1
7490,0
7491,1
7492,0
7493,1
7494,0
7495,0
7496,1
7497,0
7498,0
7499,0
7500,0
7501,0
7502,0
7503,2
7504,0
7505,0
7506,0
7507,0
7508,0
7509,0
7510,0
7511,0
7512,0
7513,1
7514,0
7515,1
7516,0
7517,0
7518,2
7519,0
7520,2
7521,3
7522,0
7523,0
7524,0
7525,0
7526,0
7527,2
7528,12
7529,0
7530,1
7531,5
7532,0
7533,0
7534,1
7535,0
7536,0
7537,2
7538,0
7539,7
7540,0
7541,0
7542,0
7543,0
7544,4
7545,5
7546,0
7547,3
7548,0
7549,2
7550,0
7551,2
7552,0
7553,0
7554,0
7555,3
7556,0
7557,0
7558,0
7559,1
7560,0
7561,0
7562,0
7563,1
7564,0
7565,0
7566,3
7567,0
7568,0
7569,0
7570,0
7571,0
7572,0
7573,10
7574,4
7575,7
7576,2
7577,0
7578,0
7579,1
7580,0
7581,0
7582,0
7583,0
7584,0
7585,1
7586,13
7587,0
7588,0
7589,0
7590,0
7591,0
7592,0
7593,11
7594,8
7595,1
7596,0
7597,2
7598,3
7599,0
7600,0
7601,13
7602,10
7603,0
7604,0
7605,1
7606,0
7607,0
7608,0
7609,6
7610,0
7611,8
7612,9
7613,0
7614,0
7615,0
7616,0
7617,0
7618,0
7619,2
7620,1
7621,0
7622,0
7623,0
7624,0
7625,3
7626,0
7627,1
7628,0
7629,1
7630,0
7631,2
7632,0
7633,0
7634,0
7635,4
7636,0
7637,1
7638,0
7639,0
7640,0
7641,0
7642,0
7643,0
7644,0
7645,0
7646,1
7647,0
7648,0
7649,0
7650,0
7651,0
7652,0
7653,4
7654,0
7655,0
7656,1
7657,4
7658,3
7659,0
7660,0
7661,0
7662,0
7663,0
7664,0
7665,0
7666,0
7667,2
7668,1
7669,0
7670,2
7671,7
7672,5
7673,3
7674,15
7675,0
7676,0
7677,0
7678,0
7679,0
7680,0
7681,0
7682,0
7683,0
7684,0
7685,0
7686,0
7687,0
7688,0
7689,3
7690,0
7691,7
7692,22
7693,10
7694,4
7695,5
7696,0
7697,0
7698,0
7699,0
7700,0
7701,0
7702,0
7703,0
7704,1
7705,1
7706,0
7707,0
7708,0
7709,3
7710,6
7711,9
7712,14
7713,3
7714,4
7715,0
7716,0
7717,0
7718,0
7719,0
7720,7
7721,3
7722,5
7723,12
7724,36
7725,0
7726,0
7727,0
7728,0
7729,0
7730,2
7731,19
7732,0
7733,1
7734,15
7735,7
7736,4
7737,1
7738,0
7739,1
7740,0
7741,0
7742,0
7743,0
7744,24
7745,25
7746,8
7747,2
7748,8
7749,0
7750,0
7751,0
7752,9
7753,4
7754,16
7755,0
7756,3
7757,1
7758,1
7759,0
7760,0
7761,0
7762,2
7763,0
7764,0
7765,0
7766,0
7767,0
7768,0
7769,0
7770,0
7771,0
7772,0
7773,0
7774,2
7775,0
7776,0
7777,0
7778,0
7779,0
7780,5
7781,0
7782,2
7783,3
7784,0
7785,0
7786,0
7787,0
7788,0
7789,0
7790,3
7791,0
7792,0
7793,2
7794,0
7795,3
7796,2
7797,3
7798,0
7799,0
7800,8
7801,11
7802,1
7803,1
7804,0
7805,0
7806,2
7807,4
7808,0
7809,0
7810,3
7811,4
7812,0
7813,1
7814,4
7815,0
7816,7
7817,4
7818,3
7819,1
7820,1
7821,0
7822,1
7823,2
7824,0
7825,0
7826,0
7827,0
7828,2
7829,0
7830,0
7831,0
7832,2
7833,0
7834,1
7835,0
7836,0
7837,0
7838,0
7839,0
7840,0
7841,0
7842,0
7843,1
7844,1
7845,0
7846,0
7847,0
7848,0
7849,0
7850,0
7851,0
7852,0
7853,0
7854,0
7855,1
7856,0
7857,1
7858,2
7859,0
7860,1
7861,0
7862,0
7863,3
7864,2
7865,0
7866,0
7867,0
7868,3
7869,2
7870,0
7871,5
7872,6
7873,3
7874,0
7875,0
7876,0
7877,0
7878,0
7879,0
7880,0
7881,0
7882,0
7883,0
7884,1
7885,7
7886,5
7887,1
7888,0
7889,0
7890,0
7891,0
7892,1
7893,0
7894,0
7895,2
7896,3
7897,4
7898,0
7899,3
7900,0
7901,0
7902,0
7903,9
7904,2
7905,0
7906,0
7907,0
7908,6
7909,0
7910,2
7911,3
7912,7
7913,2
7914,0
7915,1
7916,9
7917,7
7918,1
7919,0
7920,0
7921,2
7922,0
7923,2
7924,2
7925,4
7926,0
7927,0
7928,0
7929,0
7930,5
7931,1
7932,0
7933,0
7934,0
7935,0
7936,0
7937,0
7938,0
7939,30
7940,22
7941,6
7942,0
7943,14
7944,3
7945,0
7946,0
7947,0
7948,0
7949,2
7950,9
7951,0
7952,2
7953,0
7954,1
7955,0
7956,0
7957,2
7958,0
7959,4
7960,0
7961,0
7962,0
7963,0
7964,0
7965,0
7966,1
7967,5
7968,3
7969,0
7970,0
7971,0
7972,8
7973,1
7974,0
7975,0
7976,1
7977,0
7978,1
7979,4
7980,0
7981,1
7982,1
7983,0
7984,0
7985,0
7986,1
7987,2
7988,0
7989,0
7990,7
7991,0
7992,0
7993,0
7994,0
7995,5
7996,1
7997,6
7998,0
7999,1
8000,4
8001,4
8002,3
8003,0
8004,0
8005,7
8006,27
8007,5
8008,6
8009,0
8010,0
8011,1
8012,1
8013,8
8014,4
8015,2
8016,10
8017,9
8018,0
8019,0
8020,2
8021,1
8022,0
8023,0
8024,0
8025,1
8026,0
8027,0
8028,0
8029,0
8030,0
8031,4
8032,0
8033,0
8034,0
8035,0
8036,0
8037,0
8038,0
8039,0
8040,0
8041,0
8042,0
8043,0
8044,0
8045,0
8046,0
8047,0
8048,3
8049,0
8050,0
8051,0
8052,3
8053,0
8054,2
8055,0
8056,0
8057,0
8058,0
8059,1
8060,2
8061,6
8062,3
8063,3
8064,3
8065,9
8066,0
8067,1
8068,2
8069,1
8070,0
8071,0
8072,0
8073,0
8074,0
8075,0
8076,22
8077,9
8078,1
8079,6
8080,3
8081,0
8082,1
8083,5
8084,0
8085,0
8086,1
8087,9
8088,0
8089,0
8090,0
8091,1
8092,0
8093,5
8094,1
8095,0
8096,0
8097,0
8098,1
8099,0
8100,3
8101,2
8102,0
8103,0
8104,0
8105,0
8106,0
8107,0
8108,0
8109,0
8110,1
8111,0
8112,0
8113,0
8114,5
8115,0
8116,0
8117,0
8118,2
8119,0
8120,0
8121,0
8122,1
8123,1
8124,0
8125,1
8126,0
8127,3
8128,2
8129,0
8130,0
8131,0
8132,1
8133,0
8134,0
8135,1
8136,2
8137,2
8138,0
8139,0
8140,0
8141,0
8142,6
8143,0
8144,1
8145,1
8146,3
8147,0
8148,0
8149,1
8150,1
8151,0
8152,4
8153,3
8154,7
8155,8
8156,2
8157,12
8158,0
8159,0
8160,4
8161,9
8162,0
8163,0
8164,3
8165,3
8166,2
8167,11
8168,14
8169,3
8170,0
8171,7
8172,12
8173,9
8174,2
8175,3
8176,6
8177,3
8178,8
8179,8
8180,17
8181,8
8182,3
8183,1
8184,12
8185,8
8186,0
8187,0
8188,0
8189,0
8190,3
8191,9
8192,4
8193,3
8194,3
8195,8
8196,11
8197,15
8198,2
8199,1
8200,13
8201,9
8202,0
8203,0
8204,3
8205,3
8206,12
8207,17
8208,11
8209,7
8210,7
8211,2
8212,10
8213,5
8214,0
8215,0
8216,0
8217,0
8218,2
8219,11
8220,4
8221,18
8222,17
8223,4
8224,11
8225,3
8226,0
8227,0
8228,0
8229,0
8230,10
8231,0
8232,2
8233,10
8234,3
8235,12
8236,1
8237,1
8238,0
8239,1
8240,1
8241,6
8242,3
8243,7
8244,16
8245,5
8246,0
8247,0
8248,0
8249,1
8250,2
8251,4
8252,5
8253,0
8254,0
8255,2
8256,19
8257,18
8258,12
8259,0
8260,0
8261,0
8262,2
8263,0
8264,0
8265,1
8266,2
8267,0
8268,0
8269,0
8270,0
8271,0
8272,0
8273,0
8274,0
8275,4
8276,1
8277,0
8278,2
8279,0
8280,2
8281,0
8282,0
8283,0
8284,1
8285,0
8286,0
8287,0
8288,0
8289,0
8290,0
8291,0
8292,1
8293,0
8294,1
8295,4
8296,0
8297,2
8298,0
8299,0
8300,0
8301,1
8302,1
8303,0
8304,0
8305,0
8306,0
8307,4
8308,1
8309,1
8310,1
8311,0
8312,0
8313,0
8314,0
8315,0
8316,0
8317,2
8318,1
8319,0
8320,0
8321,0
8322,0
8323,0
8324,4
8325,0
8326,0
8327,0
8328,2
8329,4
8330,3
8331,3
8332,0
8333,2
8334,2
8335,0
8336,5
8337,0
8338,0
8339,0
8340,0
8341,0
8342,0
8343,1
8344,0
8345,0
8346,0
8347,0
8348,0
8349,0
8350,0
8351,0
8352,0
8353,0
8354,0
8355,0
8356,0
8357,2
8358,0
8359,1
8360,1
8361,0
8362,0
8363,0
8364,0
8365,0
8366,0
8367,0
8368,0
8369,1
8370,1
8371,2
8372,0
8373,0
8374,0
8375,1
8376,0
8377,1
8378,18
8379,0
8380,0
8381,0
8382,0
8383,0
8384,0
8385,0
8386,0
8387,0
8388,0
8389,0
8390,0
8391,0
8392,0
8393,1
8394,0
8395,0
8396,0
8397,1
8398,0
8399,0
8400,0
8401,0
8402,3
8403,0
8404,0
8405,0
8406,0
8407,2
8408,6
8409,9
8410,3
8411,3
8412,0
8413,1
8414,0
8415,2
8416,5
8417,2
8418,0
8419,1
8420,1
8421,6
8422,1
8423,8
8424,0
8425,0
8426,0
8427,0
8428,0
8429,0
8430,1
8431,0
8432,2
8433,0
8434,1
8435,0
8436,0
8437,1
8438,0
8439,0
8440,0
8441,0
8442,0
8443,7
8444,6
8445,4
8446,0
8447,0
8448,0
8449,0
8450,0
8451,3
8452,3
8453,0
8454,0
8455,0
8456,0
8457,0
8458,0
8459,0
8460,2
8461,0
8462,0
8463,0
8464,1
8465,0
8466,3
8467,4
8468,10
8469,0
8470,2
8471,5
8472,0
8473,1
8474,0
8475,0
8476,0
8477,0
8478,5
8479,0
8480,1
8481,0
8482,0
8483,1
8484,2
8485,0
8486,0
8487,11
8488,6
8489,0
8490,0
8491,0
8492,1
8493,0
8494,0
8495,1
8496,0
8497,0
8498,0
8499,0
8500,0
8501,0
8502,0
8503,0
8504,4
8505,0
8506,0
8507,0
8508,0
8509,4
8510,1
8511,0
8512,15
8513,9
8514,15
8515,1
8516,0
8517,1
8518,0
8519,0
8520,2
8521,0
8522,0
8523,0
8524,0
8525,0
8526,2
8527,0
8528,0
8529,0
8530,0
8531,0
8532,0
8533,0
8534,20
8535,3
8536,0
8537,1
8538,3
8539,8
8540,6
8541,0
8542,1
8543,0
8544,0
8545,0
8546,2
8547,10
8548,0
8549,2
8550,2
8551,1
8552,0
8553,0
8554,0
8555,0
8556,0
8557,0
8558,4
8559,0
8560,0
8561,0
8562,0
8563,0
8564,0
8565,7
8566,1
8567,0
8568,0
8569,4
8570,3
8571,5
8572,0
8573,0
8574,3
8575,0
8576,2
8577,0
8578,0
8579,1
8580,0
8581,2
8582,14
8583,9
8584,0
8585,0
8586,0
8587,0
8588,0
8589,0
8590,0
8591,6
8592,5
8593,4
8594,10
8595,1
8596,0
8597,0
8598,0
8599,0
8600,0
8601,0
8602,0
8603,21
8604,9
8605,2
8606,28
8607,3
8608,0
8609,1
8610,0
8611,13
8612,14
8613,23
8614,28
8615,10
8616,2
8617,0
8618,0
8619,0
8620,1
8621,0
8622,0
8623,0
8624,1
8625,3
8626,4
8627,13
8628,34
8629,24
8630,18
8631,0
8632,0
8633,5
8634,8
8635,0
8636,0
8637,10
8638,0
8639,0
8640,0
8641,2
8642,22
8643,14
8644,54
8645,9
8646,30
8647,0
8648,17
8649,5
8650,0
8651,0
8652,0
8653,0
8654,0
8655,5
8656,1
8657,0
8658,0
8659,1
8660,3
8661,1
8662,0
8663,0
8664,1
8665,5
8666,0
8667,1
8668,0
8669,0
8670,0
8671,0
8672,0
8673,0
8674,4
8675,0
8676,1
8677,0
8678,1
8679,1
8680,0
8681,0
8682,1
8683,2
8684,0
8685,0
8686,0
8687,0
8688,0
8689,0
8690,3
8691,11
8692,0
8693,4
8694,6
8695,0
8696,6
8697,0
8698,0
8699,18
8700,1
8701,0
8702,0
8703,6
8704,6
8705,0
8706,0
8707,0
8708,0
8709,0
8710,0
8711,0
8712,0
8713,0
8714,0
8715,0
8716,0
8717,0
8718,2
8719,0
8720,0
8721,0
8722,0
8723,0
8724,0
8725,11
8726,0
8727,4
8728,6
8729,0
8730,3
8731,9
8732,3
8733,21
8734,6
8735,0
8736,0
8737,0
8738,0
8739,0
8740,0
8741,0
8742,18
8743,23
8744,3
8745,1
8746,0
8747,0
8748,1
8749,2
8750,10
8751,1
8752,0
8753,0
8754,0
8755,0
8756,0
8757,0
8758,2
8759,6
8760,5
8761,1
8762,1
8763,14
8764,8
8765,0
8766,0
8767,16
8768,1
8769,3
8770,0
8771,0
8772,1
8773,0
8774,0
8775,1
8776,1
8777,0
8778,0
8779,0
8780,23
8781,1
8782,0
8783,19
8784,26
8785,15
8786,0
8787,0
8788,1
8789,36
8790,40
8791,20
8792,7
8793,1
8794,9
8795,13
8796,0
8797,32
8798,29
8799,21
8800,9
8801,9
8802,13
8803,6
8804,0
8805,0
8806,0
8807,22
8808,20
8809,7
8810,13
8811,4
8812,21
8813,6
8814,3
8815,0
8816,39
8817,16
8818,2
8819,13
8820,2
8821,11
8822,6
8823,0
8824,0
8825,0
8826,0
8827,0
8828,0
8829,0
8830,0
8831,1
8832,1
8833,0
8834,0
8835,0
8836,0
8837,0
8838,0
8839,0
8840,0
8841,2
8842,1
8843,0
8844,0
8845,0
8846,0
8847,0
8848,0
8849,2
8850,3
8851,0
8852,2
8853,3
8854,0
8855,0
8856,0
8857,0
8858,0
8859,0
8860,0
8861,0
8862,0
8863,3
8864,0
8865,5
8866,0
8867,1
8868,3
8869,7
8870,15
8871,1
8872,0
8873,0
8874,3
8875,0
8876,0
8877,0
8878,7
8879,35
8880,3
8881,0
8882,13
8883,3
8884,6
8885,0
8886,0
8887,0
8888,0
8889,2
8890,0
8891,0
8892,5
8893,1
8894,0
8895,4
8896,8
8897,2
8898,1
8899,0
8900,3
8901,0
8902,0
8903,0
8904,2
8905,0
8906,0
8907,2
8908,1
8909,0
8910,1
8911,0
8912,0
8913,1
8914,0
8915,0
8916,0
8917,5
8918,5
8919,10
8920,5
8921,0
8922,9
8923,0
8924,0
8925,1
8926,0
8927,2
8928,2
8929,0
8930,0
8931,1
8932,0
8933,2
8934,0
8935,0
8936,8
8937,6
8938,0
8939,3
8940,11
8941,10
8942,0
8943,1
8944,0
8945,0
8946,0
8947,8
8948,0
8949,0
8950,0
8951,2
8952,5
8953,19
8954,24
8955,0
8956,5
8957,12
8958,0
8959,14
8960,0
8961,0
8962,1
8963,15
8964,4
8965,0
8966,0
8967,2
8968,1
8969,12
8970,11
8971,1
8972,2
8973,0
8974,0
8975,0
8976,5
8977,3
8978,0
8979,0
8980,10
8981,32
8982,15
8983,0
8984,0
8985,0
8986,2
8987,10
8988,4
8989,0
8990,0
8991,0
8992,0
8993,0
8994,0
8995,3
8996,0
8997,0
8998,1
8999,0
9000,0
9001,0
9002,9
9003,15
9004,10
9005,7
9006,18
9007,11
9008,0
9009,15
9010,27
9011,0
9012,9
9013,7
9014,0
9015,1
9016,18
9017,4
9018,4
9019,17
9020,0
9021,2
9022,0
9023,1
9024,0
9025,0
9026,3
9027,21
9028,0
9029,0
9030,0
9031,0
9032,0
9033,0
9034,0
9035,0
9036,0
9037,0
9038,0
9039,0
9040,0
9041,0
9042,4
9043,5
9044,1
9045,17
9046,7
9047,9
9048,0
9049,0
9050,0
9051,2
9052,5
9053,15
9054,2
9055,4
9056,10
9057,27
9058,38
9059,22
9060,17
9061,10
9062,0
9063,0
9064,11
9065,16
9066,22
9067,31
9068,18
9069,8
9070,32
9071,13
9072,2
9073,0
9074,5
9075,12
9076,22
9077,30
9078,33
9079,17
9080,6
9081,8
9082,22
9083,0
9084,6
9085,0
9086,0
9087,0
9088,5
9089,16
9090,33
9091,25
9092,14
9093,2
9094,1
9095,6
9096,1
9097,4
9098,4
9099,8
9100,3
9101,0
9102,3
9103,0
9104,2
9105,1
9106,0
9107,0
9108,0
9109,1
9110,0
9111,0
9112,1
9113,1
9114,0
9115,0
9116,0
9117,0
9118,0
9119,0
9120,0
9121,6
9122,1
9124,0
9125,2
9126,0
9127,0
9128,3
9129,0
9130,0
9131,0
9132,1
9133,0
9134,0
9135,0
9136,0
9137,3
9138,0
9139,0
9140,0
9141,0
9142,0
9143,0
9144,0
9145,9
9146,1
9147,0
9148,6
9149,6
9150,3
9151,2
9152,1
9153,7
9154,1
9155,1
9156,5
9157,6
9158,4
9159,3
9160,2
9161,7
9162,22
9163,6
9164,0
9165,4
9166,0
9167,23
9168,4
9169,6
9170,5
9171,0
9172,0
9173,3
9174,0
9175,0
9176,2
9177,0
9178,0
9179,0
9180,1
9181,0
9182,0
9183,1
9184,0
9185,0
9186,7
9187,14
9188,0
9189,0
9190,15
9191,16
9192,11
9193,0
9194,2
9195,14
9196,11
9197,10
9198,6
9199,0
9200,0
9201,1
9202,0
9203,0
9204,0
9205,1
9206,0
9207,2
9208,0
9209,1
9210,0
9211,0
9212,0
9213,1
9214,0
9215,0
9216,0
9217,4
9218,5
9219,6
9220,0
9221,0
9222,1
9223,0
9224,0
9225,0
9226,24
9227,15
9228,0
9229,0
9230,11
9231,2
9232,0
9233,0
9234,4
9235,0
9236,0
9237,0
9238,1
9239,0
9240,2
9241,13
9242,5
9243,1
9244,0
9245,7
9246,0
9247,0
9248,4
9249,17
9250,28
9251,5
9252,0
9253,0
9254,0
9255,1
9256,24
9257,18
9258,6
9259,8
9260,2
9261,0
9262,0
9263,0
9264,1
9265,1
9266,0
9267,1
9268,0
9269,1
9270,0
9271,0
9272,0
9273,0
9274,3
9275,14
9276,0
9277,0
9278,5
9279,5
9280,0
9281,0
9282,0
9283,1
9284,0
9285,2
9286,0
9287,0
9288,3
9289,0
9290,0
9291,0
9292,0
9293,1
9294,0
9295,0
9296,0
9297,0
9298,0
9299,0
9300,0
9301,26
9302,37
9303,12
9304,0
9305,0
9306,0
9307,0
9308,4
9309,1
9310,10
9311,7
9312,0
9313,0
9314,0
9315,1
9316,0
9317,3
9318,0
9319,0
9320,0
9321,0
9322,0
9323,1
9324,2
9325,1
9326,5
9327,0
9328,0
9329,1
9330,1
9331,0
9332,0
9333,0
9334,0
9335,0
9336,0
9337,0
9338,0
9339,0
9340,0
9341,0
9342,0
9343,0
9344,0
9345,0
9346,0
9347,1
9348,1
9349,0
9350,6
9351,1
9352,0
9353,0
9354,0
9355,0
9356,0
9357,0
9358,0
9359,0
9360,0
9361,0
9362,0
9363,0
9364,0
9365,0
9366,1
9367,0
9368,0
9369,0
9370,3
9371,0
9372,0
9373,1
9374,0
9375,0
9376,0
9377,0
9378,0
9379,0
9380,1
9381,0
9382,0
9383,1
9384,1
9385,2
9386,0
9387,2
9388,0
9389,0
9390,0
9391,0
9392,0
9393,0
9394,0
9395,0
9396,0
9397,0
9398,0
9399,1
9400,1
9401,9
9402,0
9403,1
9404,2
9405,0
9406,0
9407,15
9408,10
9409,7
9410,25
9411,0
9412,2
9413,20
9414,11
9415,8
9416,10
9417,1
9418,0
9419,0
9420,0
9421,0
9422,0
9423,0
9424,0
9425,0
9426,0
9427,0
9428,0
9429,0
9430,0
9431,0
9432,0
9433,0
9434,0
9435,0
9436,0
9437,0
9438,0
9439,0
9440,0
9441,0
9442,1
9443,0
9444,0
9445,1
9446,0
9447,0
9448,0
9449,0
9450,4
9451,1
9452,0
9453,0
9454,0
9455,0
9456,0
9457,0
9458,0
9459,0
9460,0
9461,0
9462,0
9463,0
9464,0
9465,0
9466,4
9467,0
9468,0
9469,0
9470,0
9471,0
9472,0
9473,0
9474,0
9475,0
9476,0
9477,0
9478,0
9479,0
9480,0
9481,0
9482,0
9483,0
9484,0
9485,0
9486,0
9487,1
9488,0
9489,12
9490,13
9491,0
9492,5
9493,17
9494,19
9495,4
9496,0
9497,6
9498,29
9499,0
9500,0
9501,0
9502,0
9503,0
9504,0
9505,0
9506,0
9507,0
9508,0
9509,0
9510,0
9511,0
9512,0
9513,2
9514,0
9515,0
9516,0
9517,0
9518,0
9519,0
9520,0
9521,0
9522,0
9523,0
9524,0
9525,0
9526,1
9527,0
9528,1
9529,0
9530,0
9531,0
9532,0
9533,0
9534,0
9535,0
9536,0
9537,0
9538,0
9539,0
9540,0
9541,0
9542,8
9543,1
9544,11
9545,9
9546,0
9547,7
9548,28
9549,19
9550,7
9551,2
9552,0
9553,4
9554,17
9555,40
9556,30
9557,4
9558,3
9559,0
9560,10
9561,26
9562,14
9563,14
9564,8
9565,0
9566,5
9567,29
9568,9
9569,25
9570,12
9571,9
9572,17
9573,20
9574,13
9575,0
9576,23
9577,28
9578,9
9580,3
9581,3
9582,3
9583,1
9584,0
9585,0
9586,2
9587,0
9588,0
9589,0
9590,3
9591,0
9592,3
9593,2
9594,9
9595,0
9596,0
9597,0
9598,0
9599,0
9600,0
9601,0
9602,0
9603,0
9604,1
9605,0
9606,0
9607,0
9608,0
9609,0
9610,0
9611,0
9612,5
9613,0